Date,Close-Last,Volume,Open,High,Low
2016-09-06,102.43,5425118,101.21,102.61,100.97
2016-09-07,102.88,5283269,102.75,103.05,102.24
2016-09-08,104.12,5782012,103.34,104.345,102.47
2016-09-09,101.27,7785703,103.35,103.41,101.23
2016-09-12,102.25,8136496,101.2,102.55,100.57
2016-09-13,99.43,9289090,101.65,101.65,99.17
2016-09-14,98.42,8195540,99.12,99.95,98.17
2016-09-15,99.5,6749565,98.5,100.39,98.43
2016-09-16,97.84,12722040,98.33,98.81,97.525
2016-09-19,98.04,6177848,98.33,98.85,97.99
2016-09-20,97.7,5771470,98.17,98.48,97.68
2016-09-21,99.63,6352487,98.35,99.69,98.25
2016-09-22,99.98,5409875,100.52,100.75,99.84
2016-09-23,99.22,7355489,99.34,100.55,98.87
2016-09-26,98.78,5774429,99.49,100.28,98.66
2016-09-27,98.98,6469896,98.24,99.658,97.79
2016-09-28,102.15,10166190,99.52,102.28,98.75
2016-09-29,101.27,8135877,102,102.27,100.48
2016-09-30,102.92,9417594,101.83,103.6,101.23
2016-10-03,102.45,4326930,102.55,102.83,101.91
2016-10-04,101.27,6497782,102.71,102.92,100.76
2016-10-05,102.23,5912770,101.99,102.865,101.75
2016-10-06,102.18,4360969,102.32,102.7,101.34
2016-10-07,102.27,5835298,102.5,103.47,102.19
2016-10-10,103.98,5967933,103.21,104.42,103.21
2016-10-11,103.04,5331327,103.78,104.1,102.68
2016-10-12,102.15,4926517,102.74,102.83,101.6
2016-10-13,100.79,7874087,101.49,101.72,99.61
2016-10-14,101.08,5105490,101.48,101.96,100.61
2016-10-17,101.36,4537157,100.94,101.485,100.62
2016-10-18,101.79,4719965,101.99,102.25,101.12
2016-10-19,102.27,5887237,102.47,103.695,102.24
2016-10-20,101.87,4806710,101.64,102.22,100.69
2016-10-21,101.3,5452212,101.06,101.56,100.63
2016-10-24,100.66,6069142,101.56,101.5779,100.06
2016-10-25,100.77,4728406,100.75,101.67,100.522
2016-10-26,101.19,6352089,100.32,101.53,99.87
2016-10-27,99.92,9872441,101.51,101.98,99.92
2016-10-28,103.82,17430570,101.12,105.03,100.95
2016-10-31,104.75,12315710,103.82,105.46,103.78
2016-11-01,106.48,12746080,105.51,106.74,105.45
2016-11-02,105.39,8383153,105.65,106.05,104.25
2016-11-03,105.39,5698232,105.53,106.19,104.95
2016-11-04,104.78,7073514,105.25,105.49,104.38
2016-11-07,106.85,7308739,106,106.98,105.7803
2016-11-08,107.29,8039187,106.57,108.19,106.42
2016-11-09,107.64,9158755,106.04,108.26,105.69
2016-11-10,107.79,8735584,107.54,108.5,107.24
2016-11-11,106.64,7929853,107.48,107.65,105.94
2016-11-14,106.59,7656038,106.15,106.73,105.59
2016-11-15,108.96,12015280,107.49,109.06,107.4
2016-11-16,108.35,7716075,108.2,109,107.74
2016-11-17,108.12,6629114,109,110.1,107.5884
2016-11-18,109.2,6798981,108.57,109.67,108.15
2016-11-21,110.18,8472002,110.36,111,110.07
2016-11-22,110.62,6437924,110.79,111,109.31
2016-11-23,111,4490143,110.4,111.47,110.04
2016-11-25,111,3238554,110.54,111.22,110.12
2016-11-28,110.5,6376362,110.95,111.57,110.38
2016-11-29,109.34,7461440,109.1,109.72,108.4
2016-11-30,111.56,17299650,112.05,112.98,111.3
2016-12-01,113.29,11790480,112.79,114.91,112.53
2016-12-02,113,6164099,113.2,113.81,112.28
2016-12-05,113.25,6902956,113.39,114.48,113.03
2016-12-06,112.76,6033494,112.39,113.485,112.21
2016-12-07,114.44,6414607,113.04,114.48,112.82
2016-12-08,115.17,5507219,114.73,115.4,114.2
2016-12-09,115.81,5771451,114.99,115.99,114.97
2016-12-12,117.15,10039640,117.77,118.99,116.57
2016-12-13,117.42,8502813,117.9,118.31,116.03
2016-12-14,115.96,7873059,116.71,117.88,115.76
2016-12-15,117.05,7458104,115.63,117.39,115.36
2016-12-16,118.08,13635140,117.84,118.58,117.42
2016-12-19,117.65,5772478,118.37,118.45,117.42
2016-12-20,117.95,4315993,117.85,118.63,117.67
2016-12-21,117.91,5016762,118.34,119,117.861
2016-12-22,118.77,4983729,117.94,118.99,117.77
2016-12-23,118.42,2683516,118.41,118.695,118.05
2016-12-27,118.22,2986711,118.5,118.9,118.11
2016-12-28,117.91,4012196,118.31,118.86,117.75
2016-12-29,117.82,3211131,118.01,118.42,117.48
2016-12-30,117.7,5018561,117.44,118.2419,117.31
2017-01-03,117.85,7404673,118.38,119,116.59
2017-01-04,117.82,6679918,118.41,118.65,117.6
2017-01-05,117.31,5927980,118,118.48,116.72
2017-01-06,116.84,4760740,117.45,117.58,116.38
2017-01-09,115.84,6891534,116.29,116.36,115.11
2017-01-10,114.96,6184401,115.56,116.39,114.89
2017-01-11,115.93,6105049,115.15,116.45,114.86
2017-01-12,116.16,4939774,116.5,116.99,115.41
2017-01-13,116.38,4948808,115.86,116.88,115.61
2017-01-17,116.28,4669548,116.4,116.77,116.11
2017-01-18,115.94,4850020,115.68,116.04,115.3986
2017-01-19,115.58,3423205,115.89,115.96,115.29
2017-01-20,115.6,6696476,116.32,116.75,115.34
2017-01-23,115.39,5104029,115.12,115.96,114.99
2017-01-24,116.37,4997135,115.85,117.108,115.61
2017-01-25,117.24,5268727,116.9,117.43,116.34
2017-01-26,116.55,6921860,117.5,117.82,116.5
2017-01-27,113.79,11689000,113.53,114.7,112.85
2017-01-30,111.82,8244455,113.15,113.8,110.72
2017-01-31,111.35,7942854,111.89,112.2,110.76
2017-02-01,111,5887965,111.2,111.78,110.8428
2017-02-02,112.21,6276406,111.17,112.24,110.71
2017-02-03,113.57,6607342,112.41,114.28,112.14
2017-02-06,112.98,5634329,113.28,113.5,112.45
2017-02-07,111.39,6028958,112.98,113.1,111.11
2017-02-08,111.58,5188783,111.13,111.79,110.32
2017-02-09,112.26,4606232,111.91,112.63,111.69
2017-02-10,113.05,6190199,112.75,113.45,112.37
2017-02-13,113.91,4773485,113.36,113.99,113.05
2017-02-14,112.52,5810932,112.68,113.07,111.78
2017-02-15,112.57,7048012,112.21,113.24,112.21
2017-02-16,110.68,9475763,112.99,112.99,110.43
2017-02-17,110.33,8107022,110.42,110.57,109.27
2017-02-21,111.72,6616620,110.73,112.31,110.6
2017-02-22,110.38,5731859,111.19,111.78,110.31
2017-02-23,111.02,8659310,111.34,111.83,110.75
2017-02-24,110.12,6186082,110.9,111.02,109.47
2017-02-27,111.75,7276323,110.65,112.2697,110.37
2017-02-28,112.5,7025482,111.66,112.76,111.49
2017-03-01,113.88,7346095,112.92,114.3932,112.88
2017-03-02,113.36,5888575,113.67,114.27,113.31
2017-03-03,113.55,4909952,113.76,113.89,113.21
2017-03-06,113.17,4727762,113.25,113.5,112.67
2017-03-07,111.81,6659178,113.54,113.88,111.69
2017-03-08,109.61,9066392,111.68,111.92,109.4
2017-03-09,110.04,7245584,109.31,110.17,108.51
2017-03-10,110.61,6556935,111.4,111.4099,109.44
2017-03-13,109.35,6367868,110.51,110.81,109.31
2017-03-14,107.36,9934728,108.47,108.5737,107.12
2017-03-15,108.88,9472045,108.08,108.98,107.54
2017-03-16,107.86,8814481,108.81,108.88,107.44
2017-03-17,107.68,14348880,108,108.42,107.68
2017-03-20,107.66,5301015,107.27,107.85,107.02
2017-03-21,108.04,7292742,108.06,108.23,107.4
2017-03-22,108.39,8103611,107.65,108.85,107.52
2017-03-23,107.87,5451076,108.29,108.86,107.75
2017-03-24,107.99,6332612,107.93,108.42,107.7
2017-03-27,106.28,6467238,107,107.35,105.82
2017-03-28,107.17,6331251,106.28,107.74,106.12
2017-03-29,108.07,4918261,106.95,108.0799,106.88
2017-03-30,107.78,6797633,108.15,108.68,107.2
2017-03-31,107.37,6155281,107.7,108.14,107.05
2017-04-03,107.8,5800871,107.22,107.97,106.38
2017-04-04,108.66,4686859,107.88,108.72,107.01
2017-04-05,108.64,6391122,109.65,110.67,108.56
2017-04-06,109.29,3929383,109.12,109.65,108.75
2017-04-07,108.86,4889410,109.38,109.58,108.665
2017-04-10,109.43,4812093,109.12,110.2,108.97
2017-04-11,108.97,3956317,109.53,109.54,108.06
2017-04-12,108.97,5051747,109.36,109.36,108.45
2017-04-13,106.1,6883287,108.64,108.735,105.93
2017-04-17,106.17,5266673,106.17,106.4837,105.65
2017-04-18,105.68,4244778,105.81,106.68,105.321
2017-04-19,104.23,6659707,105.89,106.14,103.83
2017-04-20,104.88,4973573,104.4,105.69,104.36
2017-04-21,104.89,5425278,104.8,105.43,104.29
2017-04-24,105.93,4537551,105.79,106.41,105.37
2017-04-25,106.73,4612634,106.3,106.97,106.18
2017-04-26,106.08,6677812,106.4,107.48,105.97
2017-04-27,105.47,5776003,105.96,105.98,104.67
2017-04-28,106.7,6848338,107.05,107.6,105.99
2017-05-01,105.92,4954402,106.26,106.73,105.76
2017-05-02,105.36,5001880,106.11,106.53,105.09
2017-05-03,106.72,5656165,105.36,107.26,105.13
2017-05-04,104.81,8034112,106.24,106.33,104.14
2017-05-05,105.79,5059798,104.92,105.885,104.7
2017-05-08,106.68,5163307,105.93,106.72,105.82
2017-05-09,105.08,5022543,106.51,106.75,104.815
2017-05-10,106.5,5582598,105.819,106.83,105.54
2017-05-11,106.21,4631113,107.08,107.08,105.63
2017-05-12,105.96,4488149,106.06,106.2887,105.48
2017-05-15,106.85,6337248,107.15,107.71,106.675
2017-05-16,107.25,4988160,107.57,107.66,106.94
2017-05-17,104.7,6378211,105.53,106.27,104.62
2017-05-18,105.17,5617854,104.55,105.68,103.84
2017-05-19,106.52,8379408,105.52,106.52,105.17
2017-05-22,106.12,4491132,107.09,107.09,105.75
2017-05-23,106.27,3457120,106.07,106.56,105.98
2017-05-24,106.22,3470627,106.1,106.36,105.725
2017-05-25,105.11,5291570,106.1,106.71,104.72
2017-05-26,104.72,3746477,105.05,105.285,104.6
2017-05-30,104.06,4283456,104.35,104.7105,103.7505
2017-05-31,103.48,8034602,103.55,103.89,103.07
2017-06-01,104.27,4759738,103.69,104.28,103.43
2017-06-02,103.11,5860648,103.82,103.94,102.77
2017-06-05,103.19,4517112,102.8,103.58,102.6301
2017-06-06,104.17,4683021,103.11,104.45,102.76
2017-06-07,103.77,7190276,103.97,104.43,102.55
2017-06-08,104,6460325,103.44,104.74,103.44
2017-06-09,106.4,6589063,104.01,106.49,104.01
2017-06-12,108.04,8690153,107.42,108.43,107.2846
2017-06-13,108.13,6089155,108.34,108.49,107.16
2017-06-14,106.6,6192896,107.91,107.99,105.74
2017-06-15,106.33,5441421,106.5,106.8,105.87
2017-06-16,108.35,11628150,106.94,108.36,106.21
2017-06-19,107.46,4478874,108.31,108.38,107.14
2017-06-20,106.48,5166555,106.25,106.6,105.38
2017-06-21,104.49,6987283,105.89,106.9,103.92
2017-06-22,104.45,4196653,104.48,105.14,104.04
2017-06-23,105,5763098,104.25,105.42,104.24
2017-06-26,104.14,3602029,105.03,105.19,104.03
2017-06-27,104.07,4155180,104.73,104.89,104.03
2017-06-28,104.28,4156329,104.43,104.9,104.04
2017-06-29,104.12,4282767,104.38,105.15,104.05
2017-06-30,104.33,5496922,104.53,104.72,103.89
2017-07-03,106.3,4419061,104.24,106.96,104.24
2017-07-05,104.62,4476953,105.99,106.3,104.27
2017-07-06,103.82,5084763,104.67,105.13,103.71
2017-07-07,103.49,6288403,103.59,103.76,102.81
2017-07-10,103.04,4624804,103.44,103.581,102.6
2017-07-11,103.12,4322332,103.15,103.5,102.55
2017-07-12,103.89,3976570,104,104.75,103.47
2017-07-13,104.13,4439125,103.8,104.21,103.46
2017-07-14,104.44,3591805,104.38,104.64,103.73
2017-07-17,104.21,5570540,104.32,104.97,104.08
2017-07-18,103.72,4315980,104.6,104.6,103.51
2017-07-19,104.46,4925916,103.56,104.48,103.51
2017-07-20,104.63,5353741,105,105.37,103.815
2017-07-21,103.25,5300142,104.18,104.38,103.15
2017-07-24,103.2,4064662,103.18,103.57,102.92
2017-07-25,104.39,7085565,104.45,105.15,104.32
2017-07-26,105.12,5880748,104.63,106.08,104.2
2017-07-27,106.11,5887064,104.88,106.3166,104.61
2017-07-28,108.12,7812377,106.71,109.13,106.36
2017-07-31,109.19,7545793,108.39,110,108.15
2017-08-01,110.78,8148627,109.54,110.97,109.42
2017-08-02,110.46,6198277,110.39,111.195,109.85
2017-08-03,109.43,5604427,110.23,110.45,109.05
2017-08-04,110.11,4642402,109.43,110.2,109.43
2017-08-07,109.78,4762664,109.81,110.29,109.5801
2017-08-08,110.35,4106768,110,110.71,109.77
2017-08-09,110.89,3966793,110.74,111.4109,110.26
2017-08-10,110.11,4941604,111.23,111.44,110.03
2017-08-11,109.23,3382440,110.2,110.49,109.13
2017-08-14,108.71,4280841,109.26,109.82,108.32
2017-08-15,108.57,5310334,108.75,108.9,107.525
2017-08-16,106.84,4186362,107.63,107.92,106.69
2017-08-17,105.92,5735318,106.61,106.87,105.91
2017-08-18,106.48,5466718,105.84,107.34,105.5
2017-08-21,105.78,3506005,106.48,106.48,105.3
2017-08-22,106.36,5608620,105.99,106.92,105.81
2017-08-23,106.61,4185754,106.21,107.06,106.11
2017-08-24,107.44,5058786,106.5,107.67,106.33
2017-08-25,108.23,4383476,107.82,108.71,107.52
2017-08-28,107.76,3681492,108.54,108.59,107.27
2017-08-29,107.86,3229460,107.43,108.05,107.04
2017-08-30,107.73,3125932,107.58,107.8422,107.1
2017-08-31,107.62,5508068,108,108.23,107.5
2017-09-01,108.76,3646871,107.68,109.16,107.51
2017-09-05,109.44,5509055,109.36,110.26,108.7
2017-09-06,111.79,8563385,110,112.23,109.8
2017-09-07,111.8,5937756,112.18,112.87,111.36
2017-09-08,110.78,4033102,111.59,111.75,110.53
2017-09-11,112.52,5972996,111.83,112.57,111.52
2017-09-12,112.49,5112712,112.82,112.9467,111.855
2017-09-13,114.18,5889182,112.49,114.32,112.28
2017-09-14,114.45,5818509,114.26,115.3379,114.18
2017-09-15,114.63,8353785,114.83,114.91,113.63
2017-09-18,115.19,4950740,114.42,115.22,114.32
2017-09-19,116.34,6183953,115.25,116.4209,115.19
2017-09-20,116.37,5034574,116.5,117.15,116.195
2017-09-21,116.47,4153395,116.22,116.515,115.83
2017-09-22,117.29,5306219,116.41,117.83,116.27
2017-09-25,117.99,5976237,117.23,118.33,117.02
2017-09-26,117.52,4414798,117.79,118.0254,117.25
2017-09-27,117.45,3886991,117.46,117.5952,116.77
2017-09-28,117.62,4948411,117.17,118.13,117.02
2017-09-29,117.5,4853420,117.17,117.52,116.73
2017-10-02,117.43,4276244,116.42,117.79,115.533
2017-10-03,117.82,3892189,117.08,118.25,117.01
2017-10-04,117.58,3443437,117.82,117.87,117.1278
2017-10-05,118.58,5470850,117.45,118.69,117.33
2017-10-06,117.03,3528743,117.95,118.15,116.8
2017-10-09,117.71,2946379,117.34,118.08,117.01
2017-10-10,118.8,5682946,118.4,119.815,118.29
2017-10-11,119.33,3922331,119.21,119.52,118.58
2017-10-12,119.14,4029019,118.49,119.65,118.31
2017-10-13,119.16,4640071,119.79,120,119.07
2017-10-16,120.13,5499579,119.84,120.89,119.43
2017-10-17,120.22,4387082,120.23,120.74,119.8291
2017-10-18,118.15,5505082,119.4,120.02,117.99
2017-10-19,118.2,4391188,118.06,118.74,117.95
2017-10-20,118.64,4922803,118.61,118.78,118.07
2017-10-23,118.93,3872373,118.72,119.3,118.45
2017-10-24,119.23,4435414,119.48,119.92,119.07
2017-10-25,118.44,4504070,119,119.44,118.145
2017-10-26,118.44,4090355,118.78,119,118.14
2017-10-27,113.54,14531850,116.13,116.4,112.57
2017-10-30,114.39,7517203,113.17,115.1,112.841
2017-10-31,115.89,7151753,114.45,116.38,113.82
2017-11-01,115.9,5027169,116.3,116.97,115.35
2017-11-02,115.33,4329603,116.21,116.47,114.705
2017-11-03,114.99,4101697,115.48,115.75,114.73
2017-11-06,117.04,5945820,115.37,117.155,114.99
2017-11-07,117.24,5219413,117.38,118,116.4757
2017-11-08,116.67,5092845,116.78,117.15,115.9
2017-11-09,117.24,5102963,115.9,117.5,115.62
2017-11-10,117.18,5150842,116.71,117.31,116.1
2017-11-13,117.23,4274406,117.22,117.765,116.68
2017-11-14,116.92,6996414,116.82,117.255,116.25
2017-11-15,116.45,5243542,116.21,117.2295,116.07
2017-11-16,114.57,5888731,115.25,115.82,114.38
2017-11-17,114.71,4337461,114.67,114.99,113.9
2017-11-20,114.72,4634152,114.77,115.03,114.44
2017-11-21,115.17,4592439,115.14,115.86,114.92
2017-11-22,115.91,3950834,115.49,116.7798,115.32
2017-11-24,116.51,1744165,116.55,116.85,116.31
2017-11-27,115.59,4490338,115.85,116.03,115.24
2017-11-28,116.45,4003664,115.92,116.81,115.74
2017-11-29,117.18,3660478,116.2,117.25,115.83
2017-11-30,118.99,7896508,117.26,119.15,117.23
2017-12-01,119.51,6832175,119.81,120.46,118.52
2017-12-04,120.84,7366332,119.81,122.3,119.37
2017-12-05,120.39,4380115,120.77,121.4,120.151
2017-12-06,119.61,4852312,120.3,120.88,119.52
2017-12-07,119.63,4908470,120,120.1,118.96
2017-12-08,119.92,4122000,120.01,120.2412,119.1
2017-12-11,120.42,5427178,120.29,121.11,120.12
2017-12-12,119.68,4300171,120.63,120.74,119.56
2017-12-13,119.93,4399535,119.43,120.17,118.68
2017-12-14,119.53,3736920,119.81,120.2802,119.5
2017-12-15,119.73,11224690,120.44,120.47,119.51
2017-12-18,119.7,4654119,119.92,121.29,119.62
2017-12-19,119.84,4596633,120.32,120.75,119.51
2017-12-20,120.89,6279887,120.28,121.3,119.65
2017-12-21,124.82,10103890,121.39,125.35,121.07
2017-12-22,124.98,4730215,124.85,125.65,124.5748
2017-12-26,125.98,3347917,125.23,126.14,125.0514
2017-12-27,125.55,3451719,125.96,126.2,125.13
2017-12-28,125.58,2191819,125.69,125.89,125.29
2017-12-29,125.19,3828495,125.36,125.98,125.19
2018-01-02,127.58,5626216,125.71,127.74,125.54
2018-01-03,128.51,5804708,127.46,128.94,126.9
2018-01-04,128.11,4593867,127.95,128.35,127.22
2018-01-05,127.9,4186073,127.97,128.1,127.1
2018-01-08,128.53,4823393,127.86,128.63,127.63
2018-01-09,127.84,4422318,128.43,128.935,127.79
2018-01-10,128.66,5287251,128.31,128.76,127.7999
2018-01-11,132.57,11639800,128.92,133.32,128.76
2018-01-12,133.6,7227865,132.19,133.85,132.11
2018-01-16,132.01,6157172,133.67,133.88,131.6
2018-01-17,132.36,5628864,132.19,132.8,130.96
2018-01-18,131.59,5875343,132.35,132.5,131.03
2018-01-19,131.3,6012290,131.83,132,130.21
2018-01-22,132.56,5075876,131.3,132.56,131.28
2018-01-23,131.02,5745213,132.38,132.56,130.73
2018-01-24,131.39,6638079,131.38,132.6678,131.07
2018-01-25,130.65,4593793,131.76,131.87,130.34
2018-01-26,131.19,6297284,130.71,131.75,130.37
2018-01-29,128.48,6345520,130.06,131.58,128.32
2018-01-30,125.23,8076217,127.61,128.01,125.19
2018-01-31,125.35,9626571,125.42,125.815,124.05
2018-02-01,125.57,7811836,125.6,125.63,124.06
2018-02-02,118.58,13108900,123.95,123.95,117.64
2018-02-05,112.62,15301090,116.99,118.3,108.02
2018-02-06,117.18,18405170,111.2,117.63,110.76
2018-02-07,115.29,11527440,117.4,119.27,115.23
2018-02-08,112.3,9876607,115.17,115.89,112.21
2018-02-09,113.5,10912220,113.34,114.62,109.5
2018-02-12,113.98,8357746,114.8,115.85,112.91
2018-02-13,113.29,7062657,113.34,113.605,111.8586
2018-02-14,113.63,7027403,112.5,114.05,111.4
2018-02-15,112.53,5394527,112.86,113.02,110.84
2018-02-16,112.14,5946069,112.35,112.94,111.21
2018-02-20,110.98,6695321,112.28,112.76,110.58
2018-02-21,109.06,6884889,111.14,112.06,109.06
2018-02-22,109.89,7427540,109.55,111.44,108.9
2018-02-23,112.59,6452026,110.46,112.74,110.25
2018-02-26,114.6,7337901,113.18,114.66,112.85
2018-02-27,113.61,6047547,114.87,116.05,113.61
2018-02-28,111.92,7419278,115.02,115.4613,111.88
2018-03-01,112.04,7512288,111.53,113.9001,110.97
2018-03-02,111.64,6214980,111.5,112.18,109.83
2018-03-05,113.15,7814570,111.4,113.33,111.02
2018-03-06,113.65,7950874,113.85,115.52,113.02
2018-03-07,113.84,6653562,112.95,115.08,112.63
2018-03-08,113.35,5995759,114.6,114.745,112.6
2018-03-09,117.22,8830625,114.31,117.3901,114.24
2018-03-12,116.79,6822402,117.5,118.35,116.56
2018-03-13,116.46,6694798,117.23,118.18,116
2018-03-14,115.13,5048306,116.98,117.45,114.86
2018-03-15,115.58,4503434,115.36,116.2101,114.75
2018-03-16,115.4,14355720,115.4,116.19,114.561
2018-03-19,113.89,4793529,115.07,115.23,113.22
2018-03-20,114.5,4582669,114.55,115.7,114.435
2018-03-21,117.04,5896329,114.98,118.11,114.8
2018-03-22,113.7,6170784,115.55,115.74,113.48
2018-03-23,112.98,6226978,114.37,115.77,112.7
2018-03-26,115.35,6068875,114.24,115.585,113.25
2018-03-27,114.66,5244745,115.75,116.86,113.98
2018-03-28,112.1,6981390,114.93,115.26,112.06
2018-03-29,114.04,6621806,112.29,114.43,112.28
2018-04-02,112.24,6202050,113.89,114.39,110.54
2018-04-03,114.83,6714511,112.52,114.98,112.09
2018-04-04,114.48,5698576,113.05,114.79,112.43
2018-04-05,117.29,7030017,114.88,117.89,114.7
2018-04-06,114.76,7062948,116.38,117.01,113.39
2018-04-09,115.98,6830591,115.3,117.17,114.88
2018-04-10,118.85,7636845,117.6,119.83,117.6
2018-04-11,119.25,6156241,118.69,119.38,117.75
2018-04-12,119.23,6685506,119.71,120.669,118.65
2018-04-13,119.92,5188639,119.52,120.789,119.22
2018-04-16,120.7,4588600,120.6,121.7099,119.77
2018-04-17,121.46,5981191,120.94,122,120.56
2018-04-18,123.82,8940730,122.46,124.89,122.4
2018-04-19,123.71,7106609,123.97,125,123.21
2018-04-20,122.31,7556961,123.38,123.46,121.46
2018-04-23,123.58,5971659,122,123.61,121.8
2018-04-24,122.54,7976965,124.36,125.04,121.75
2018-04-25,122.72,5260533,122.34,122.9,121.12
2018-04-26,124.22,6228662,122.67,124.3,122.3
2018-04-27,126.62,8835201,125.5,127.05,124.68
2018-04-30,125.11,7625715,127.02,127.9,125.05
2018-05-01,124.86,7093168,124.03,124.92,123.08
2018-05-02,125.49,5904391,124.2,126.47,124.09
2018-05-03,126.01,6727389,124.59,126.12,123.83
2018-05-04,125.53,5400810,125.21,126.84,124.7101
2018-05-07,124.94,6999937,126.59,128.4,124.44
2018-05-08,126.57,8882661,124.93,126.75,123.63
2018-05-09,128.72,11395850,128.42,130.42,128.085
2018-05-10,128.82,5444773,129.69,129.81,128.39
2018-05-11,129.84,8091770,129.39,130.76,128.52
2018-05-14,130.39,6206925,130.25,131.08,129.8
2018-05-15,129.74,5197577,130.24,130.27,129.25
2018-05-16,129.56,5399240,129.29,129.72,128.3
2018-05-17,129.46,5240163,128.76,129.57,128.38
2018-05-18,127.86,6379184,128.92,129.15,127.8
2018-05-21,129.37,5080827,128.79,129.41,128.27
2018-05-22,128.23,5443908,129.09,130.39,128.1
2018-05-23,128.7,6012202,127.09,128.79,126.55
2018-05-24,126.61,5901839,127.4,127.4,125.85
2018-05-25,122.19,8922232,124.54,124.76,121.22
2018-05-29,121.39,7383569,121.1,122.43,120.06
2018-05-30,125.16,7103963,122.65,125.665,122.34
2018-05-31,124.3,7459684,124.08,124.82,123.46
2018-06-01,123.85,5746576,125.49,125.55,123.43
2018-06-04,122.26,5755571,124.53,125.41,122.17
2018-06-05,122.73,5672307,122.01,123.71,121.55
2018-06-06,123.38,6192781,123.12,123.69,122.06
2018-06-07,126.96,8607052,124.54,127.98,124.41
2018-06-08,126.44,5103068,127.12,127.38,125.68
2018-06-11,127.56,6071138,126.77,128.19,125.86
2018-06-12,127.08,4455762,127.64,128.38,126.33
2018-06-13,127.07,6130719,126.81,127.82,126.09
2018-06-14,126.51,5022086,127.38,127.96,126.38
2018-06-15,124.04,13215610,127.1,127.12,123.84
2018-06-18,125.97,7705744,124.35,126.98,124.1
2018-06-19,125.54,5940997,124.32,125.89,123.875
2018-06-20,125.29,7980312,126.12,126.46,124.3
2018-06-21,122.59,7256287,124.5,124.59,122.16
2018-06-22,125.1,8911770,125.41,126.569,124.82
2018-06-25,122.61,5797958,124.43,124.64,121.93
2018-06-26,124.16,4585249,123.03,124.61,122.57
2018-06-27,126,6330340,125.15,127.42,125.06
2018-06-28,125.66,3811894,126.54,126.86,124.995
2018-06-29,126.43,5669674,125.74,127.73,125.74
2018-07-02,124.25,5069075,125.28,125.29,123.561
2018-07-03,124.73,3919561,125.46,126.69,124.55
2018-07-05,123.98,4973099,126.11,126.25,123.82
2018-07-06,124.14,4019858,123.52,124.515,123.1861
2018-07-09,125.99,3928265,125,126.28,124.69
2018-07-10,127.59,5087827,127.33,128.51,126.75
2018-07-11,123.52,6372538,126.23,126.68,122.965
2018-07-12,124.26,3744324,124.44,124.95,123.59
2018-07-13,124.04,3352685,124.2,124.88,123.63
2018-07-16,122.98,4314790,123.01,123.88,121.88
2018-07-17,121.91,4122598,122.36,122.9552,121.8
2018-07-18,121.53,6012474,121.24,121.67,119.67
2018-07-19,121.67,4462296,121.1,122.14,121.01
2018-07-20,122.27,5394730,121.25,122.35,121.01
2018-07-23,121.33,5355372,122.35,123.07,121.16
2018-07-24,123.85,4423381,121.87,124.16,121.86
2018-07-25,124.9,4278188,123.62,125.23,123.2725
2018-07-26,123.95,5539359,124.7,125.38,123.8
2018-07-27,125.97,7580925,122.79,127.04,122.08
2018-07-30,127.83,5728455,126.76,128.41,126.22
2018-07-31,126.27,5893773,128,128.55,126.13
2018-08-01,125.39,4660934,125.31,125.92,124.745
2018-08-02,123.76,4637100,124.44,124.81,123.3
2018-08-03,124.05,5299399,124.15,124.25,123.3315
2018-08-06,124.3,4455635,124.42,124.94,123.542
2018-08-07,125.18,4541967,125.54,125.7,124.75
2018-08-08,123.88,5955168,124.52,124.79,123.315
2018-08-09,122.53,5217054,123.96,124.37,122.26
2018-08-10,123.34,6126472,122.17,123.52,121.5
2018-08-13,122.44,4360024,123.31,123.6765,122.2626
2018-08-14,122.58,3621275,122.92,123.65,122
2018-08-15,117.94,9474619,121.7,121.73,117.43
2018-08-16,117.66,5454124,117.7,118.31,117.18
2018-08-17,117.8,6109506,118.15,118.58,117.091
2018-08-20,117.75,5393835,118,118.32,117.33
2018-08-21,117.94,4812127,118.375,118.93,117.79
2018-08-22,118.92,3636205,118.54,119.4569,118.42
2018-08-23,118.1,3830987,118.39,118.82,117.7
2018-08-24,119.01,4376654,118.9,119.54,118.72
2018-08-27,120.35,3899405,119.36,120.48,119.17
2018-08-28,119.86,4685672,120.6,121.34,119.75
2018-08-29,120.22,4099562,120,120.83,119.88
2018-08-30,119.81,3294180,120.08,120.43,119.55
2018-08-31,118.46,5283902,119.4,119.4,118.09
2018-09-04,118.87,4531937,118.93,119.63,118.345
2018-09-05,118.92,4618617,118.06,118.94,117.26
2018-09-06,115.23,8184735,117.89,118.51,115.135
2018-09-07,114.6,6577462,114.52,115.35,113.39
2018-09-10,114.48,5753186,115.43,115.72,114.38
2018-09-11,115.02,5571773,114.34,115.74,113.76
2018-09-12,115.79,5060153,116.42,117.49,115.76
2018-09-13,116.3,6031560,116.01,116.52,115.08
2018-09-14,117.38,4867487,116.43,117.61,116.35
2018-09-17,117.51,4830391,117.61,118.68,117.275
2018-09-18,118.13,4858016,118.5,118.9,117.98
2018-09-19,119.51,4855304,118.33,120.04,118.12
2018-09-20,119.42,5804508,120.19,121.32,119.11
2018-09-21,121.13,13490690,119.91,121.255,119.41
2018-09-24,122.62,6534130,121.91,122.98,121.57
2018-09-25,123.37,4772238,123.5,124.24,122.94
2018-09-26,121.95,4192750,122.99,123.42,121.74
2018-09-27,122.47,4480796,122.16,123,121.71
2018-09-28,122.28,4407028,121.99,123.21,121.76
2018-10-01,124.39,5342202,123.11,124.88,123.11
2018-10-02,124.74,5144022,125.07,125.76,124.32
2018-10-03,125.31,4479441,125.13,125.8435,124.78
2018-10-04,124.95,4234429,124.79,125.59,124.19
2018-10-05,125.33,4311493,124.93,125.9,124.74
2018-10-08,124.84,5680992,124.05,125.46,123.83
2018-10-09,126.82,6797089,125.51,127.44,125.07
2018-10-10,122.6,6425709,127.23,127.6,122.46
2018-10-11,118.43,8534620,122.43,122.43,117.54
2018-10-12,117.77,7239909,119.53,119.68,116.18
2018-10-15,116.94,5529843,117.7,118.86,116.91
2018-10-16,117.51,4720335,117.09,117.68,116.34
2018-10-17,117.29,6269072,117.21,117.69,116.02
2018-10-18,117.47,7027253,117.42,118.14,116.05
2018-10-19,118.14,7781802,117.37,119.26,117.37
2018-10-22,117.21,5578168,118.1,118.49,116.48
2018-10-23,113.4,7836361,115.72,115.72,112.05
2018-10-24,110.21,7993225,113.72,114.175,110.07
2018-10-25,111.58,5704425,111.36,113.4,110.43
2018-10-26,111.53,8026154,110.63,112.47,109.6591
2018-10-29,108.93,8566382,112.04,112.07,107.54
2018-10-30,110.85,7506203,109.62,111.15,108.15
2018-10-31,111.65,7383328,111.71,112.5,111.05
2018-11-01,111.17,10413950,111.765,111.99,110.1
2018-11-02,114.73,9687521,114.85,117.11,113.12
2018-11-05,118.94,8012931,116.62,119.67,116.6
2018-11-06,118.9,5272611,118.76,119.43,117.85
2018-11-07,120.87,4848776,120,121.12,119.02
2018-11-08,119.36,9260078,120.65,121.87,118.96
2018-11-09,119.51,6563191,118.22,120.37,117.37
2018-11-12,117.39,10540220,120.9,121.37,117.17
2018-11-13,115.35,6824463,117.3,117.88,115.04
2018-11-14,115.72,6775918,116.88,117.79,114.94
2018-11-15,116.95,7218113,113.66,117.08,112.72
2018-11-16,119.06,6628212,117.5,119.27,117.27
2018-11-19,119.42,5306416,118.14,119.48,117.9
2018-11-20,116.1,7982544,119.24,119.5,115.035
2018-11-21,117.57,5618213,116.68,119.19,116.68
2018-11-23,113.6,5577753,114.7,115.22,112.11
2018-11-26,114.98,6495560,114.6,115.44,114.02
2018-11-27,115.21,6338717,114.55,115.66,114.22
2018-11-28,118.14,6772473,114.98,118.28,114.4
2018-11-29,118.85,6417830,117.95,119.73,117.74
2018-11-30,118.94,6712226,118.05,119.21,117.7
2018-12-03,120.67,8153325,120.77,122.43,120.06
2018-12-04,117.24,8137417,120.6,121.09,117.065
2018-12-06,115.91,10443930,115.34,116.14,113.03
2018-12-07,115.49,8767674,117.59,119.7,115.19
2018-12-10,114.94,7674344,115.3,115.96,111.67
2018-12-11,115.47,5760974,116.26,116.62,113.95
2018-12-12,115.62,7847101,117.11,117.72,115.57
2018-12-13,115.94,6443080,115.15,116.32,114.31
2018-12-14,113.83,6195357,115.01,115.81,113.31
2018-12-17,112.45,7118558,113.44,114.97,111.86
2018-12-18,109.74,9328869,112.63,113.24,108.95
2018-12-19,107.83,10438180,109.91,111.99,107.1022
2018-12-20,104.98,11483270,106.81,108.07,104.19
2018-12-21,104.21,19737460,103.62,106.94,102.91
2018-12-24,100.99,5619505,103.3,104.15,100.91
2018-12-26,107.39,10708710,101.85,107.39,100.22
2018-12-27,109.32,10049730,105.47,109.33,104.88
2018-12-28,108.65,6298856,109.65,110.36,108.12
2018-12-31,108.79,6304283,109.15,110.24,107.8567
2019-01-02,110.69,6244619,107.34,111.68,107.1
2019-01-03,108.57,6359771,111.055,111.29,108.07
2019-01-04,110.82,7337280,110.28,110.99,109.47
2019-01-07,112.26,5636092,111.06,112.93,109.92
2019-01-08,111.77,5470533,113.4,113.79,111.67
2019-01-09,113.27,7091167,112.69,114,112.45
2019-01-10,113.45,6019012,112.51,113.63,111.71
2019-01-11,112.54,4466148,113,113.05,111.67
2019-01-14,111.72,6105019,111.34,112.34,111.08
2019-01-15,112.12,4210307,111.98,113.07,111.51
2019-01-16,111.4,5539515,111.43,112.32,111.22
2019-01-17,111.96,4406916,110.75,112.2934,110.17
2019-01-18,114.37,9367855,113.99,114.65,113.06
2019-01-22,112.34,7205223,113.12,113.45,111.95
2019-01-23,111.39,5856476,112.38,112.6725,110.42
2019-01-24,113.51,8468886,111.03,113.82,110.91
2019-01-25,113.22,6261825,114.06,114.78,112.99
2019-01-28,112.17,6750654,111.91,112.57,111.07
2019-01-29,111.83,5358659,113.03,113.35,111.77
2019-01-30,113.01,7925936,112.53,113.65,111.98
2019-01-31,114.65,11203990,113.8,115.41,113.38
2019-02-01,118.37,10918270,116.65,119.25,116.6
2019-02-04,119.74,7932733,117.5,119.75,116.31
2019-02-05,119.48,5915116,119.62,119.86,118.69
2019-02-06,118.88,4990326,119,119.59,118.6907
2019-02-07,118.23,7281882,118.01,118.51,116.51
2019-02-08,117.58,5670614,117.74,117.89,115.92
2019-02-11,116.95,4858537,116.93,117.36,116.39
2019-02-12,118.72,5399716,118.33,118.87,117.61
2019-02-13,119.57,5932827,119.16,120.39,118.6989
2019-02-14,118.16,5406427,118.37,119.53,117.66
2019-02-15,119.35,6150781,119.62,119.86,118.5901
2019-02-19,119.31,4277802,118.9,119.86,118.46
2019-02-20,120.28,5940487,119.31,120.72,119
2019-02-21,119.14,4971552,120.07,120.32,118.39
2019-02-22,119.39,4517619,120.28,120.46,118.85
2019-02-25,119.62,5196485,119.41,120.42,119.37
2019-02-26,119.94,5445647,119.81,120.97,119.68
2019-02-27,120.08,5289818,120.29,121.29,119.89
2019-02-28,119.58,6393743,120,120.16,118.49
2019-03-01,122.03,7730203,120.39,122.04,120.17
2019-03-04,122.12,7486241,122.67,122.84,120.55
2019-03-05,123.29,6980380,121.87,123.35,121.59
2019-03-06,123.53,7599939,123.17,124.7,122.2999
2019-03-07,121.94,7198775,123.42,123.5,121.7
2019-03-08,121.62,7014052,120.1,121.93,119.2
2019-03-11,123.62,6088551,122.87,124.2,122.75
2019-03-12,123.9,6180985,123.84,124.96,123.38
2019-03-13,124.67,4701992,124.6,124.93,123.9
2019-03-14,124.6,5146400,124.76,125.46,124.48
2019-03-15,125.31,10449710,124.59,125.42,124.35
2019-03-18,125.88,5586896,125.21,126.13,125.17
2019-03-19,125.28,4766559,126.56,126.92,124.74
2019-03-20,124.69,6702976,125.04,126.34,124.68
2019-03-21,125.86,5050436,124.87,125.96,124.51
2019-03-22,123.09,5784506,124.85,124.9,122.7
2019-03-25,122.89,3837471,122.93,123.35,122.31
2019-03-26,124.13,4079813,123.77,124.91,123.38
2019-03-27,122.79,3698967,123.98,124.48,122.0174
2019-03-28,123.02,4057723,122.6,123.16,122.36
2019-03-29,123.18,5318643,124.28,124.47,122.49
2019-04-01,124.94,5236645,123.87,125.27,123.45
2019-04-02,124.93,4349192,125.2,125.44,124.11
2019-04-03,123.89,3595240,125.22,125.35,123.54
2019-04-04,124.8,3715379,124.01,124.83,123.55
2019-04-05,126.42,5544771,125.25,126.64,125.2
2019-04-08,126.68,5483079,126.77,127.34,126.23
2019-04-09,125.54,4143392,126.29,126.29,125.12
2019-04-10,125.49,3946833,126.14,126.565,125.13
2019-04-11,125.99,3247619,125.34,126.255,124.75
2019-04-12,119.76,42686640,121.58,122,119
2019-04-15,120.14,13364150,120.02,121.02,119.33
2019-04-16,121.17,11942220,120.43,121.32,120.06
2019-04-17,120.27,11897320,122.2,122.54,120.05
2019-04-18,119.86,9482216,120.52,120.82,119.1
2019-04-22,121.9,7939836,120.78,122.01,120.45
2019-04-23,122.02,9011036,121.73,122.28,121.349
2019-04-24,118.28,22110050,121.35,121.43,118.09
2019-04-25,117.9,10630710,118.05,118.7,117.4001
2019-04-26,117.1,11622050,118.4,118.5,115.65
2019-04-29,117.72,9401188,117.01,118.11,116.7
2019-04-30,120.06,21431090,121.1,121.92,119.65
2019-05-01,117.81,10096980,119.8,120.14,117.76
2019-05-02,116.38,9495613,117.28,118.475,116.28
2019-05-03,117.27,7365249,117.69,118.545,117.11
2019-05-06,118.4,11034970,117.5,119.84,117.47
2019-05-07,118.27,9165204,117.3,118.27,116.5
2019-05-08,117.5,6229243,118.37,118.48,117.4
2019-05-09,121.19,16496310,121.12,122.32,119.86
2019-05-10,121.99,8787875,121.17,122.2702,119.83
2019-05-13,120.44,7701636,121.91,122.26,120.01
2019-05-14,121.64,6858533,120.67,122.25,120.51
2019-05-15,122.14,6944993,121.2,122.49,120.87
2019-05-16,120.8,8543586,120.99,121.55,120.53
2019-05-17,120.52,6871127,120.06,121.11,119.8789
2019-05-20,120.84,4569653,120.71,121.21,120.54
2019-05-21,121.34,4859604,121.03,121.94,120.9
2019-05-22,120.57,5763543,120.9,121.435,120.34
2019-05-23,117.87,11000550,118.81,118.87,116.86
2019-05-24,118.71,4890961,118.3,118.93,117.38
2019-05-28,118.31,8145135,118.88,119.32,118.165
2019-05-29,116.77,7451292,117.04,117.36,115.82
2019-05-30,115.38,5807929,116.54,116.74,114.8462
2019-05-31,113.85,6899828,114.22,115.2,113.72
2019-06-03,115.99,6100999,114.7,116.1,114.47
2019-06-04,117.3,5235579,116.6,117.68,116.29
2019-06-05,117.65,5105963,117.87,118.03,116.27
2019-06-06,120.68,7370113,118.21,121.155,118.11
2019-06-07,121.48,5343190,120.74,122.12,120.53
2019-06-10,122.29,5709092,122.2,122.755,121.71
2019-06-11,121.17,5625125,123.37,123.5,121.15
2019-06-12,120.19,4000338,120.38,120.58,119.56
2019-06-13,120.91,3993325,121.24,121.89,120.46
2019-06-14,120.81,3366761,121,121.16,120.37
2019-06-17,121.39,4219234,120.72,121.84,120.38
2019-06-18,122.93,4884267,121.95,123.87,121.86
2019-06-19,122.89,3847197,122.51,123.48,122.22
2019-06-20,124.28,7771684,124.31,124.7,123.6
2019-06-21,124.93,14288290,124.8,126.2,124.23
2019-06-24,124.91,5542896,124.54,125.38,124.42
2019-06-25,123.64,4713274,124.84,125.11,123.488
2019-06-26,123.93,5054819,124.57,124.88,123.88
2019-06-27,123.11,3551739,123.92,124.2,122.89
2019-06-28,124.44,7048346,123.41,124.48,123.12
2019-07-01,124.84,5530085,125.36,125.84,124.3632
2019-07-02,122.93,5747705,124.55,124.72,122.39
2019-07-03,123.35,2725825,122.93,123.37,122.33
2019-07-05,123.54,3458858,123.14,123.74,122.64
2019-07-08,123.6,3505550,123.66,124.09,123.42
2019-07-09,123.35,3955783,123.9,124.14,123.07
2019-07-10,125.44,4743523,124.11,125.62,124.11
2019-07-11,125.43,3547996,125.68,125.68,124.6046
2019-07-12,125.98,3974367,125.38,126.25,125.13
2019-07-15,125.72,3739153,126.06,126.4,125.27
2019-07-16,124.76,4697588,125.5,125.78,124.26
2019-07-17,124.14,3874162,124.66,125.28,124.06
2019-07-18,124.68,5771087,124.12,125.05,123.36
2019-07-19,125.04,4880927,124.68,125.4099,124.595
2019-07-22,125.31,3275914,125.37,125.75,124.47
2019-07-23,125.82,4295348,125.24,126.22,124.78
2019-07-24,126.54,4796904,125.87,126.935,125.66
2019-07-25,125.63,4586893,127,127,125.33
2019-07-26,123.72,6971727,125.24,125.25,123.3
2019-07-29,124.23,4377506,123.48,124.64,123.3782
2019-07-30,124.34,3871650,124.1,124.75,123.38
2019-07-31,123.11,7199533,123.71,124.69,122.48
2019-08-01,120.74,7928446,122,123.75,120.305
2019-08-02,120.73,9026153,121.78,122.54,117.83
2019-08-05,118.74,8620322,119.19,120.55,117.4521
2019-08-06,119.38,6787997,118.72,119.53,117.65
2019-08-07,119.1,6853666,117.55,119.795,116.95
2019-08-08,123.23,8868104,119.49,123.33,119.42
2019-08-09,122.42,5051682,123.11,123.89,121.89
2019-08-12,121.55,3936487,123.01,123.14,120.91
2019-08-13,122.39,5861403,121.01,122.7,120.3
2019-08-14,117.74,7175641,120.02,120.59,117.68
2019-08-15,116.95,6272565,117.24,117.84,115.46
2019-08-16,115.81,6239146,116.4,116.65,115.36
2019-08-19,117.31,6443998,117.13,117.8156,116.96
2019-08-20,116.13,5150919,117.13,117.19,115.66
2019-08-21,117.88,4579027,117.79,118.221,117.3337
2019-08-22,117.73,4363874,118.66,118.74,117.45
2019-08-23,115.18,7654485,116.48,118.055,114.35
2019-08-26,115.74,3966997,115.92,116.22,115.19
2019-08-27,115.83,4238458,116.27,117.03,115.04
2019-08-28,116.83,4159470,116.41,117.195,115.88
2019-08-29,117.52,4467261,117.19,117.8437,116.58
2019-08-30,117.72,4881118,117.98,118.98,117.23
2019-09-03,116.27,5672646,115.77,116.33,114.55
2019-09-04,117.25,4609783,117.48,118.54,117.165
2019-09-05,117.64,5394831,118.01,119.07,117.26
2019-09-06,118.26,4578529,117.5,118.44,117.39
2019-09-09,119.39,5048049,118.74,119.63,118.58
2019-09-10,121.85,8728963,120.23,123.29,119.9133
2019-09-11,121.28,5509530,122.21,122.98,120.37
2019-09-12,121.42,5818261,120.04,122.18,119.56
2019-09-13,121.5,4885391,122.25,122.32,121.24
2019-09-16,124.12,10683890,124.86,125.27,122.97
2019-09-17,123.89,7359582,124.12,124.62,122.56
2019-09-18,124.18,4867422,123.55,124.21,123.02
2019-09-19,123.66,4061169,124.77,124.97,123.42
2019-09-20,124.32,10524620,124,124.82,123.67
2019-09-23,124.9,4963444,123.55,125,123.55
2019-09-24,123.74,6348519,124.67,124.72,123.22
2019-09-25,123.51,3782066,123.48,124.15,122.91
2019-09-26,120.16,8148230,123.26,123.5,120.05
2019-09-27,118.6,6850689,119.51,120.25,118.45
2019-09-30,118.6,6233315,118.54,119.42,118.41
2019-10-01,116.01,7204647,119.27,119.46,115.88
2019-10-02,112.29,9943708,115.06,115.11,111.62
2019-10-03,113.15,5671810,112.06,113.1917,110.4217
2019-10-04,113.85,4883879,113.6,114,112.55
2019-10-07,113.26,4774379,113.96,114.7471,113.23
2019-10-08,111.71,6067852,112.11,112.7524,111.61
2019-10-09,113.14,4700468,112.59,114.51,112.3
2019-10-10,114.59,3920110,113.53,114.79,113.3
2019-10-11,116.15,5181691,115.69,117.03,115.36
2019-10-14,116.18,2590041,115.58,116.3933,115.45
2019-10-15,116.31,3744171,115.85,117.62,115.8
2019-10-16,115.11,3651748,116.23,116.6605,115.08
2019-10-17,115.35,3837822,115.61,116.06,114.92
2019-10-18,114.74,5679872,115.14,115.58,114.74
2019-10-21,116.61,4153612,115.55,116.75,115.55
2019-10-22,117.8,4130577,116.63,118.56,116.49
2019-10-23,117.98,4159941,117.4,118.02,116.78
2019-10-24,117.58,3893194,118.47,118.81,117.31
2019-10-25,118.67,3369139,117.77,118.85,117.69
2019-10-28,118.48,5076294,119.08,119.51,117.64
2019-10-29,118.13,4548403,117.97,119.07,117.69
2019-10-30,116.36,4690892,118.18,118.18,115.52
2019-10-31,116.14,7177681,115.86,116.36,115.32
2019-11-01,116.21,7684675,115.49,116.6228,114.02
2019-11-04,121.57,10348760,117.23,121.87,117.02
2019-11-05,121.94,6971221,121.23,122.45,120.72
2019-11-06,119.9,6104748,121.94,122.14,119.8
2019-11-07,121.89,5440991,121.13,122,120.3235
2019-11-08,120.93,4249822,120.97,121.2,120.16
2019-11-11,120.81,3870833,120.2,121.39,120.01
2019-11-12,120.96,4503638,121.29,122.05,120.4801
2019-11-13,122.28,5297573,120.46,122.41,120.37
2019-11-14,121.96,4886604,121.85,122.94,121.4
2019-11-15,120.64,5589793,121.22,121.39,120.11
2019-11-18,118.55,4885671,119.82,120,118.14
2019-11-19,116.45,8727280,118.5,118.8,116.08
2019-11-20,117.34,5903205,116.41,118.08,116.12
2019-11-21,118.77,5810888,117.61,118.95,117.2
2019-11-22,118.63,4786806,119.06,119.7,118.6
2019-11-25,118.38,7389988,118.43,119.22,117.98
2019-11-26,117.79,10061280,118.34,118.56,117.2
2019-11-27,118.07,4107005,117.99,118.605,117.62
2019-11-29,117.13,3271027,117.28,117.82,116.88
2019-12-02,116.8,5196809,117.98,118.07,116.72
2019-12-03,115.89,7298088,116.2,116.7,115.7
2019-12-04,116.94,5706769,116.64,117.3,116.43
2019-12-05,116.33,5517564,117.62,117.74,116.19
2019-12-06,118.01,6735556,117.09,119.29,116.98
2019-12-09,117.3,4831761,116.52,117.89,116.44
2019-12-10,117.89,4889002,118.03,118.09,117.05
2019-12-11,116.23,7039707,117.09,117.66,116.13
2019-12-12,118.81,6465087,116.59,118.89,116.59
2019-12-13,117.96,4863504,119.05,119.54,117.9
2019-12-16,119.36,5619466,118.86,119.47,118.61
2019-12-17,118.6,6755700,119.59,119.89,118.33
2019-12-18,118.55,7498375,118.68,119.64,118.52
2019-12-19,118.13,6220500,118.57,118.74,117.86
2019-12-20,119.68,12171140,119.4,119.94,118.09
2019-12-23,120.33,5875420,119.31,120.4,119.15
2019-12-24,120.34,1640120,120.43,120.78,120.09
2019-12-26,120.6,3648636,120.67,121.42,120.34
2019-12-27,120.3,4138405,120.89,121.29,120.24
2019-12-30,119.85,4580992,120.44,121.34,119.8132
2019-12-31,120.51,4215863,119.5,120.63,119.25
2020-01-02,121.43,5206097,120.81,121.625,120.77
2020-01-03,121.01,6361072,121.78,122.72,120.74
2020-01-06,120.6,9954869,121.24,121.67,120.33
2020-01-07,119.06,7878579,119.02,119.7261,117.77
2020-01-08,117.7,7296959,118.55,119.09,117.65
2020-01-09,117.51,7345531,117.59,117.9222,116.18
2020-01-10,116.44,6395375,117.52,117.69,116.4
2020-01-13,116.66,6847425,116.47,116.9103,116.08
2020-01-14,116.3,7189962,116.5,116.88,115.705
2020-01-15,116.13,5808777,116.3,116.405,115.65
2020-01-16,116.89,7022062,116.56,117.28,116.45
2020-01-17,115.58,7886182,117.01,117.29,115.52
2020-01-21,113.31,8470283,115.1,115.15,113.17
2020-01-22,112.9,5589906,113.1,113.53,112.46
2020-01-23,113.1,8008141,112.4,113.49,111.86
2020-01-24,111.85,6920000,112.79,112.98,111.3401
2020-01-27,110.39,7609831,110.25,110.83,109.98
2020-01-28,111.12,5771944,110.98,111.62,110.77
2020-01-29,110.37,4774222,111.45,111.84,110.18
2020-01-30,111.4,8382674,109.81,111.58,109.06
2020-01-31,107.14,13699560,109.81,110,106.395
2020-02-03,106.28,8787504,106.95,107.25,105.4001
2020-02-04,106.85,9908995,107.68,108.335,106.6
2020-02-05,110.28,6914137,108.27,110.65,108.11
2020-02-06,109.49,6273983,110.63,110.67,109.11
2020-02-07,108.94,4830071,108.93,109.44,108.47
2020-02-10,109.79,6011806,108.54,109.8,108.32
2020-02-11,111.21,6072847,110.78,111.37,110.0616
2020-02-12,112.04,5725669,112.51,112.6,111.61
2020-02-13,111.66,5991856,111.37,112.33,111.23
2020-02-14,110.08,5148798,110.84,110.97,109.58
2020-02-18,110.24,4976370,109,110.27,108.8318
2020-02-19,110.74,5887511,110.52,111.0958,109.89
2020-02-20,109.81,4466591,110.78,111.07,109.7
2020-02-21,109.01,6443864,108.99,109.19,107.65
2020-02-24,104.71,9539778,105.71,106.96,104.42
2020-02-25,100.71,12871890,104.8,104.92,100
2020-02-26,98.04,11991400,100.86,101.61,98
2020-02-27,94.13,15783660,95.95,98.2,94.08
2020-02-28,93.34,20840550,90.63,93.44,90.11
2020-03-02,96.59,15050800,94.02,96.68,92.205
2020-03-03,94.39,16525470,96.79,98.48,93.3693
2020-03-04,98.53,14752950,96.37,99.02,95.67
2020-03-05,97.19,12814360,95.71,97.39,94.94
2020-03-06,95.32,16862300,93.92,96.06,93.42
2020-03-09,80.67,30595480,82.23,88.0099,80
2020-03-10,84.98,22592130,86.24,86.3,81.04
2020-03-11,83.03,18414340,82.23,84.84,81.75
2020-03-12,76.26,25768230,77.23,78.125,72.86
2020-03-13,83.42,23497510,79.98,83.5,74.11
2020-03-16,69.7,17535270,72.57,78.49,69.69
2020-03-17,70.69,22684250,70.4,72.984,65.4901
2020-03-18,55.05,24947290,66.21,66.23,54.5701
2020-03-19,57.39,29870980,55.26,58.49,51.6
2020-03-20,59.39,26960440,59.53,60.65,56.36
2020-03-23,54.22,23764030,58.26,59.4,52.97
2020-03-24,66.55,29198760,61.48,67.647,60.32
2020-03-25,69.27,22560120,68.29,73.14,66.64
2020-03-26,76.38,24140970,70.3,77.1,67.89
2020-03-27,68.78,20411490,72.12,73.54,68.5
2020-03-30,71.95,18486820,68.01,72.93,67.02
2020-03-31,72.46,18514180,73.27,75.04,70.81
2020-04-01,68.56,14362040,69.51,72.29,67.61
2020-04-02,76.12,23220620,71.75,78.7,69.575
2020-04-03,75.11,14905410,78,78.99,73.03
2020-04-06,80.39,17334920,77,80.95,75.51
2020-04-07,80.92,16394790,84.26,85.69,80.85
2020-04-08,85.98,12284850,82.29,86.3,81.52
2020-04-09,84.31,17048550,88.74,89.91,81.52
2020-04-13,84.91,13854680,87.18,87.36,83.4
2020-04-14,84.61,14797590,85.46,87.08,84.33
2020-04-15,82.49,13982300,80.46,83.38,79.32
2020-04-16,79.99,12291910,81.31,82.19,78.81
2020-04-17,87.17,16130080,81.33,87.5,81.32
2020-04-20,83.57,15748960,82.66,87,82.09
2020-04-21,81.64,19620570,80.28,83.79,79.25
2020-04-22,84.44,10325140,84.95,85.25,82.97
2020-04-23,86.8,14226540,86.3,88.78,85.39
2020-04-24,87.01,9176599,88.48,88.79,85.77
2020-04-27,89.71,12037130,86.75,90.62,85.87
2020-04-28,89.91,10645150,89.55,90.96,88.83
2020-04-29,94.62,12342820,92.48,95.14,92.29
2020-04-30,92,12221960,93.72,95.74,90.58
2020-05-01,89.44,13250100,91.51,92.05,87.04
2020-05-04,91.44,11192380,88.76,91.62,87.69
2020-05-05,92.89,13608720,94.5,95.3,92.68
2020-05-06,90.05,11145910,92.85,93.46,89.77
2020-05-07,92.64,9753495,92.98,94.06,91.91
2020-05-08,95.47,8602865,95,95.56,94.07
2020-05-11,93.37,7101040,94.21,94.6,93.18
2020-05-12,91.1,8749052,93.13,94.03,91
2020-05-13,88.7,12215070,89.9,90,87.32
2020-05-14,90.05,10678190,87.29,90.93,86.02
2020-05-15,89.16,10112970,90.65,92.06,88.83
2020-05-18,92.55,12306540,92.4,93.4,91.46
2020-05-19,89.62,7749265,92.53,92.631,89.53
2020-05-20,93,9160034,91,93.47,90.18
2020-05-21,92.04,8830887,92.77,93.37,91.28
2020-05-22,90.28,8563108,91.45,91.6,89.465
2020-05-26,93.3,9429980,92.49,94.34,92.03
2020-05-27,93.9,7822605,94.68,94.69,92.11
2020-05-28,90.87,9639423,93.61,93.9,90.79
2020-05-29,91.7,17016860,90.19,91.89,89.26
2020-06-01,92.79,7346296,90.94,93.85,90.11
2020-06-02,94.69,7880250,93.78,95.22,93.285
2020-06-03,97.18,8440203,95.97,97.73,95.75
2020-06-04,96.28,6371723,96.78,96.89,95.16
2020-06-05,100.81,12760130,99.08,102.05,99.05
2020-06-08,103.24,11090720,102.63,103.59,100.87
2020-06-09,101.53,10745360,100.7,102.93,99.83
2020-06-10,97.58,10486260,101,101.5,97.56
2020-06-11,89.37,14944810,92.3,94.19,89.12
2020-06-12,92.39,9532412,93.62,93.65,90.01
2020-06-15,91.23,12291460,89.09,92.08,88.21
2020-06-16,94.03,8734566,94.99,95.58,91.49
2020-06-17,91.54,6019869,93.83,94,91.5
2020-06-18,91.94,7064145,91,93.23,90.1
2020-06-19,90.63,14836560,94.41,94.41,90.55
2020-06-22,91.59,5939155,90.32,91.69,89.59
2020-06-23,91.44,6317713,92.5,93.09,91.175
2020-06-24,87.64,8974470,89.99,90.13,86.86
2020-06-25,89.21,7397991,87.31,89.51,87.16
2020-06-26,86.46,13766020,88.78,88.8299,86.18
2020-06-29,87.67,7022175,86.91,88.5717,86.6
2020-06-30,89.23,8263617,86.6,89.99,86.36
2020-07-01,87.62,6379402,89.28,90.77,87.55
2020-07-02,88.31,5832793,89.37,90.36,88.1601
2020-07-06,88.57,6747528,89.5,90.25,87.8151
2020-07-07,86.31,5898047,87.82,88.0799,86.15
2020-07-08,86.35,6735606,86.39,87.8002,85.89
2020-07-09,82.74,8833552,85.97,86.32,82.69
2020-07-10,85.23,6218141,82.5,85.42,82.5
2020-07-13,85.4,7074046,86.04,86.93,84.81
2020-07-14,88.35,7440538,85.39,88.6,85.0401
2020-07-15,88.89,5935206,90.18,90.19,88.21
2020-07-16,88.36,4795687,88.44,89.48,87.35
2020-07-17,87.19,5964361,88.41,89.11,86.91
2020-07-20,85.27,14974840,86.83,87.49,84.8
2020-07-21,91.39,15119310,86.47,91.725,86.36
2020-07-22,91.04,10317500,89.95,91.25,88.9
2020-07-23,91.01,6586339,90.5,91.38,90.02
2020-07-24,90.13,6620464,91.48,92.74,89.98
2020-07-27,91.04,7599982,89.76,91.09,88.8
2020-07-28,89.11,6787341,90.47,91.17,88.77
2020-07-29,90.07,6386853,89.48,90.08,88.5776
2020-07-30,86.27,10112780,88.43,88.495,85.7
2020-07-31,83.94,19120650,83.25,84.1,81.51
2020-08-03,84.81,11221850,83.98,85.14,83.8
2020-08-04,86.49,9077915,84.48,86.72,84.2808
2020-08-05,87.2,7352641,88.14,88.43,86.405
2020-08-06,87.47,7035584,86.43,87.9,86.1
2020-08-07,86.8,7185382,86.88,87.11,85.74
2020-08-10,89.73,8150225,87.94,89.76,87.6
2020-08-11,89.62,9074300,91.95,93.01,89.17
2020-08-12,90.72,9057971,90.8,91.66,89.45
2020-08-13,89.82,7314642,89.87,91.28,89.7623
2020-08-14,90.35,6343029,89,90.59,88.85
2020-08-17,90.77,10473810,90.35,91.58,89.72
2020-08-18,87.63,7981520,88.97,89.37,87.32
2020-08-19,86.39,9120256,87.3,87.9,86.2
2020-08-20,84.81,7872311,85.42,86.89,84.73
2020-08-21,85.08,9003629,84.67,85.09,83.51
2020-08-24,87.2,8738698,85.6,87.34,84.89
2020-08-25,86.13,6835813,88.01,88.04,85.76
2020-08-26,84.78,7486490,85.71,85.84,84.66
2020-08-27,84.91,7438151,85.16,85.63,83.97
2020-08-28,85.63,7307932,85.05,85.73,84.32
2020-08-31,83.93,9437524,85.83,85.9,83.87
2020-09-01,83.08,8997235,83.26,83.63,82.45
2020-09-02,83.19,10822330,83.06,83.96,82.7
2020-09-03,82.28,16179900,83.05,84.49,81.71
2020-09-04,81.93,10516600,82.46,83.635,80.9
2020-09-08,78.97,14942530,80.5,80.58,78.04
2020-09-09,80.03,9269820,79.97,81.07,79.68
2020-09-10,78.15,11845880,80.63,80.89,78.05
2020-09-11,77.69,13732410,78.24,78.69,77.065
2020-09-14,77.29,8182840,77.48,77.98,76.9199
2020-09-15,76.35,11732010,77.56,78.48,75.96
2020-09-16,78.56,13021740,76.35,79.48,75.96
2020-09-17,78.79,10515130,77.53,78.85,76.37
2020-09-18,78.21,14517790,77.88,79.15,77.5
2020-09-21,76.3,16199130,76.24,76.6522,74.68
2020-09-22,75.53,9154966,76.15,77.53,75.35
2020-09-23,71.95,16649190,75.59,75.91,71.85
2020-09-24,71.8,15203450,71.25,73.03,70.5
2020-09-25,71.83,11070520,71.01,72.48,70.77
2020-09-28,73.93,12863840,73.64,74.76,73.15
2020-09-29,71.9,10561320,74,74.14,71.11
2020-09-30,72,10466450,72.25,72.89,71.61
2020-10-01,70.42,14930680,71.51,71.88,70.03
2020-10-02,71.19,9854802,68.92,71.67,68.82
2020-10-05,72.7,12049810,71.52,72.73,70.71
2020-10-06,72.3,15294480,73.84,74.32,72.245
2020-10-07,73.78,15410310,72.17,73.92,71.56
2020-10-08,75.22,11590870,74.39,75.55,73.99
2020-10-09,74,12260870,75.86,76.09,73.98
2020-10-12,74.51,9056884,73.63,74.95,73.2
2020-10-13,73.4,10440260,74.74,74.74,72.78
2020-10-14,72.95,7058050,73.28,74.432,72.91
2020-10-15,73.51,10052930,71.815,73.72,71.39
2020-10-16,72.89,9305957,73.52,74.03,72.27
2020-10-19,71.28,8357059,73.11,73.34,71.19
2020-10-20,71.68,7753247,71.905,72.29,71.04
2020-10-21,70.87,9800575,71.13,71.5849,70.73
2020-10-22,73.4,9812735,70.88,73.49,70.57
2020-10-23,72.57,8727161,73.93,74.365,71.8266
2020-10-26,70.94,9710860,71.73,71.8899,70.24
2020-10-27,69.51,14251700,70.42,70.6,69.49
2020-10-28,66.88,15961850,67.695,68.08,66.325
2020-10-29,68.8,12292160,66.13,69.14,65.16
2020-10-30,69.5,17198460,69.9,70.11,68.08
2020-11-02,72.15,11475510,70.7,73.08,69.4
2020-11-03,71.74,8607953,73.16,73.3,71.05
2020-11-04,71.77,10925660,70.78,73.59,69.89
2020-11-05,72.14,10627730,71.895,72.97,71.76
2020-11-06,71.15,8366918,72.5,73.27,70.83
2020-11-09,79.4,24015180,80,84.27,78.26
2020-11-10,83.07,15039670,81.14,83.15,79.7063
2020-11-11,82.46,11640580,84.1,84.49,81.8
2020-11-12,80.67,8929433,80.98,82.24,79.905
2020-11-13,83.03,10898830,81.15,83.3482,81.03
2020-11-16,88.96,18980210,86.24,89.18,85.54
2020-11-17,87.04,14329010,86.4,87.53,84.83
2020-11-18,84.28,10583710,87.37,87.9,84.25
2020-11-19,85.73,8820183,83.545,85.96,83.06
2020-11-20,85.79,8296993,85.72,86.31,84.88
2020-11-23,91.03,13387120,87.45,91.58,86.76
2020-11-24,95.62,17266430,93.39,95.82,93
2020-11-25,92.14,10556560,94.68,94.68,92.14
2020-11-27,91.31,4627670,91.33,92.59,90.54
2020-11-30,87.18,14288410,90.01,90.85,86.9
2020-12-01,87.45,9915692,89.28,89.71,87.07
2020-12-02,89.87,10509610,87.26,91.31,87.1003
2020-12-03,89.8,8249758,90.58,91.11,89.07
2020-12-04,93.28,10791110,91.22,93.45,90.92
2020-12-07,90.76,9398377,91.82,92.38,89.88
2020-12-08,91.54,7627316,90.34,92.4623,90.1887
2020-12-09,90.44,11129430,92.2,93.02,89.37
2020-12-10,93.35,11992090,91.55,94.56,90.7756
2020-12-11,92.45,9584454,92.525,93.28,91.03
2020-12-14,89.44,12198390,93.4,93.7,89.24
2020-12-15,89.37,11782520,89.42,90.48,88.77
2020-12-16,88.69,9892928,89.2,89.35,87.85
2020-12-17,88.41,11748930,89.54,89.55,87.55
2020-12-18,87.19,27427610,87.98,88.71,86.26
2020-12-21,86.09,11430470,84.35,86.835,83.53
2020-12-22,84.36,8589973,85.44,85.8,84.3
2020-12-23,85.69,7223112,85,86.66,85
2020-12-24,85.33,3335646,85.93,85.93,84.81
2020-12-28,84.9,8051925,85.61,86.63,84.62
2020-12-29,84.61,7670818,85.26,85.7234,84.05
2020-12-30,85.33,7901846,84.61,86.575,84.54
2020-12-31,84.45,8350679,84.9,85.195,83.9601
2021-01-04,84.71,9234919,85.15,85.95,83.89
2021-01-05,87,13414800,85.49,89.22,85.32
2021-01-06,89.8,13916760,89,90.78,87.82
2021-01-07,90.22,9286622,90.39,90.82,89.305
2021-01-08,91.08,11152130,92.08,92.43,90.45
2021-01-11,91.6,10640790,89.12,92.1,88.57
2021-01-12,93.34,10923860,92.66,93.9209,91.71
2021-01-13,93.25,9723285,93.2,93.52,91.94
2021-01-14,95.49,13950230,93.94,96.315,93.79
2021-01-15,92.09,10244600,94.22,94.31,91.71
2021-01-19,94.51,9574755,93.5,95.03,93.29
2021-01-20,95.38,8735375,95,95.56,94.3002
2021-01-21,92.01,10395870,93.855,94.66,91.22
2021-01-22,91.73,7810638,90.4,92.03,89.83
2021-01-25,90.9,7689434,90.62,91.0271,89.33
2021-01-26,89.36,7827751,92.2,92.91,89.27
2021-01-27,88.2,10178500,87.53,90.35,86.745
2021-01-28,89.02,8155520,88.67,90.15,88.25
2021-01-29,85.2,14699840,86.83,87.34,84.92
2021-02-01,86.41,8073583,85.99,87.3,84.57
2021-02-02,87.06,9233059,88.01,88.37,86.53
2021-02-03,88.96,9256453,87.05,89.39,86.89
2021-02-04,89,7917645,89.51,89.65,87.945
2021-02-05,89.26,8017276,89.94,90.47,88.64
2021-02-08,91.48,9886579,90.29,92.04,90.01
2021-02-09,90.96,7605481,91.1,91.27,89.81
2021-02-10,92.52,8778844,91.38,92.59,90.6
2021-02-11,92.02,8572404,92.37,92.44,90.08
2021-02-12,92.55,7858297,91.53,92.73,91.35
2021-02-16,93.13,14005980,93.05,93.86,92.61
2021-02-17,95.92,14359910,95.42,96.72,94.2
2021-02-18,95,9037383,95.75,95.78,94.3
2021-02-19,95.8,8913854,95.13,96.38,94.65
2021-02-22,98.39,13178660,96.99,99.64,96.46
2021-02-23,99.63,14873980,99.97,100.16,96.8
2021-02-24,103.31,16115970,100.33,104.04,99.81
2021-02-25,102.35,13219200,104.9,104.96,101.59
2021-02-26,100,14454120,100.3,101.06,97.61
2021-03-01,102.05,10441460,102.46,103.8,101.4
2021-03-02,102.44,10643500,101.89,103.309,101.71
2021-03-03,103.59,14958190,103.41,105.75,103.4
2021-03-04,104.5,22994230,104.515,107.58,103.13
2021-03-05,109,23638180,106.96,109.13,106.15
2021-03-08,109.75,18033630,109.86,110.43,108.06
2021-03-09,109.5,19010710,109.07,110.69,107.88
2021-03-10,111.37,17389900,110.2,112.01,109.7
2021-03-11,111.19,10989460,111.65,112.55,110.89
2021-03-12,111.56,10930300,111.64,112.7,110.7205
2021-03-15,110.25,10490520,111.53,111.905,108.89
2021-03-16,107.64,11698410,108.53,108.88,107.08
2021-03-17,108.03,9168615,107.21,108.5582,106.6
2021-03-18,104.12,13246640,107.01,107.53,103.71
2021-03-19,103.38,18490990,103.94,104.89,102.74
2021-03-22,102.54,12508500,103.06,104.5,102.311
2021-03-23,101.97,14781720,101.45,104.3,100.69
2021-03-24,104.7,11026790,102.99,105.76,102.91
2021-03-25,105.07,11138160,102.85,105.26,102.07
2021-03-26,107.48,9820150,106.54,107.54,105.36
2021-03-29,106.92,7542327,106.4,107.53,105.7
2021-03-30,105.93,6284594,106.06,106.83,105.59
2021-03-31,104.79,8954377,105.55,106.22,104.6
2021-04-01,105.75,8515750,105.26,105.86,104.21
2021-04-05,104.51,8692709,105.73,105.83,104.17
2021-04-06,103.58,8125056,104.25,105.08,103.45
2021-04-07,104.19,7699316,103.47,104.57,103.26
2021-04-08,103.02,8282974,103.52,103.62,102.07
2021-04-09,102.92,7163742,103.12,103.68,102.1
2021-04-12,101.78,7845876,103.67,103.86,101.51
2021-04-13,102.24,6829891,101.56,102.6,101.29
2021-04-14,104.27,10194800,102.65,105.33,102.6
2021-04-15,103.42,7860544,104.01,104.2699,102.93
2021-04-16,102.96,7459703,103.8,104.36,102.43
2021-04-19,103.26,7068669,103.27,103.83,102.21
2021-04-20,101.33,9783782,102.83,102.99,100.51
2021-04-21,102.73,8264429,100.33,102.99,100.14
2021-04-22,100.95,9899395,102.87,102.87,100.87
2021-04-23,101.55,6763045,101.1,102.17,100.72
2021-04-26,101.52,5639736,101.27,102.67,101.26
2021-04-27,102.7,6898931,101.81,103.1,101.51
2021-04-28,105.22,8718443,103.54,105.8599,103.37
2021-04-29,106.9,9740270,106.42,107.65,105.75
2021-04-30,103.07,13729990,104.98,105.39,102.97
2021-05-03,105.53,7938125,103.98,105.72,103.22
2021-05-04,106.11,8704287,105.96,106.51,104.85
2021-05-05,108.96,7328139,107.09,109.54,106.82
2021-05-06,109.02,9654939,108.95,109.13,107.42
2021-05-07,110.02,10273020,108.09,110.6686,107.7
2021-05-10,109.57,13586540,111.44,113.11,109.52
2021-05-11,106.7,12754780,109.06,109.58,106.21
2021-05-12,107.37,11661880,107,110.15,106.72
2021-05-13,106.68,9712944,106.07,107.87,105.44
2021-05-14,109.47,9124095,107.8,109.82,107.8
2021-05-17,110.81,12656550,109.09,110.88,108.97
2021-05-18,106.18,12759860,108.94,109.06,105.97
2021-05-19,103.2,14762700,103.82,104.29,101.97
2021-05-20,103.56,9706329,103.07,104.07,101.97
2021-05-21,104.12,10352760,104.1,105.2,103.68
2021-05-24,105.6,6785616,104.95,105.835,104
2021-05-25,103.87,7883966,105.43,105.62,103.61
2021-05-26,104.12,9232351,104.52,104.9099,103.655
2021-05-27,103.01,11703370,104.12,104.91,102.57
2021-05-28,103.79,7278515,103.62,104.12,102.95
2021-06-01,106.65,10260600,105.3,107.43,105.3
2021-06-02,108.08,9141802,107.21,108.56,106.21
2021-06-03,107.59,8809345,107.56,108.09,106.56
2021-06-04,108.45,6699324,108.24,108.67,107.21
2021-06-07,107.75,6748624,108.37,108.7,107.57
2021-06-08,108.73,10559460,107.65,108.98,106.3
2021-06-09,107.78,10146880,109.06,109.53,107.65
2021-06-10,108.41,13526150,109.06,110.25,107.25
2021-06-11,107.91,7731720,108.84,108.97,107.86
2021-06-14,107.97,9051850,108.18,108.96,106.83
2021-06-15,110.3,10540240,108.41,110.48,108.39
2021-06-16,109.67,9283310,110.03,110.51,108.9
2021-06-17,107.07,14337760,109.24,109.9836,105.6225
2021-06-18,103.03,22284520,105.25,106.27,102.91
2021-06-21,106.05,13591480,104.1,106.435,103.93
2021-06-22,106.4,10230130,105.33,106.96,104.31
2021-06-23,106.27,7792775,107.36,108.13,106.23
2021-06-24,107.14,8724554,107.14,107.7766,106.36
2021-06-25,107.3,8102262,107.59,108.06,106.78
2021-06-28,103.99,11348400,106.95,107,103.66
2021-06-29,103.76,7225469,104.59,104.97,103.61
2021-06-30,104.74,7927453,103.84,104.88,103.72
2021-07-01,106.21,10873220,106.95,107.1,105.74
2021-07-02,106.07,7108866,105.7,106.4,105.04
2021-07-06,103.99,10162850,105.97,105.97,103.39
2021-07-07,102.93,8244985,103.96,104.9,102.12
2021-07-08,102.6,8695534,101.5,103.09,101.22
2021-07-09,104.07,8567930,103.46,104.23,102.36
2021-07-12,104.28,9898606,103.56,105.02,103.235
2021-07-13,103.93,6737964,104,104.58,103.22
2021-07-14,101.97,9216621,104.48,105.32,101.72
2021-07-15,101.3,9665662,101.05,102.25,100.85
2021-07-16,98.62,12199110,101.63,101.69,98.33
2021-07-19,95.96,17385520,95.82,96.95,94.52
2021-07-20,96.53,12114570,95.89,98.04,95.05
2021-07-21,99.82,11478150,97.98,100.4698,97.7
2021-07-22,98.82,7694255,99.4,99.41,97.89
2021-07-23,98.86,7570757,98.8,99.12,97.94
2021-07-26,100.95,10227460,99.46,101.26,99.44
2021-07-27,100.61,8332082,100.05,100.72,98.94
2021-07-28,101.18,8546112,100.9,101.81,100.28
2021-07-29,102.57,8681341,102.38,102.88,101.94
2021-07-30,101.81,12295290,103.06,104.05,100.765
2021-08-02,101.63,8911806,102.08,103.98,101.56
2021-08-03,102.6,8437326,101.59,102.91,100.67
2021-08-04,100.3,10389810,100.44,101.9,100.1
2021-08-05,101.23,7986071,100.94,102.43,100.67
2021-08-06,101.95,6475592,102.02,102.58,101.6
2021-08-09,100.25,9243086,100.91,101.38,99.93
2021-08-10,102.08,9762631,100.74,102.32,100.58
2021-08-11,102.85,7079767,102.04,102.97,101.6
2021-08-12,102.64,7378419,102.86,103.25,101.78
2021-08-13,101.96,6572623,102.23,102.54,101.64
2021-08-16,100.92,9479436,100.83,101.2,99.91
2021-08-17,100.73,10937470,100.2,101.68,99.63
2021-08-18,96.7,12893610,98.69,99.42,96.55
2021-08-19,94.29,17423360,94.81,95.31,92.86
2021-08-20,94.3,9707644,93.52,94.875,93.21
2021-08-23,96.73,10277760,96.09,97,96.06
2021-08-24,97.84,8924936,97.5,98.614,97.385
2021-08-25,98.51,9342304,97.22,98.72,96.72
2021-08-26,97.22,8124768,98.11,98.73,97.2
2021-08-27,98.64,10281180,98.14,99.46,98.05
2021-08-30,98.39,8127183,99.09,99.308,97.97
2021-08-31,96.77,15676850,98.14,98.41,96.64
2021-09-01,95.71,10557260,96.86,97.07,95.47
2021-09-02,97.71,12341250,96.64,98.385,96.55
2021-09-03,97.49,9099427,97.4,98.43,97.38
2021-09-07,97.06,9239168,97.02,97.975,96.74
2021-09-08,96.39,10775870,97.5,98.47,96.35
2021-09-09,96,10219380,95.89,97.62,95.35
2021-09-10,96.07,11005960,97.6,97.7,95.89
2021-09-13,97.97,11500860,97.21,98.7099,97.06
2021-09-14,96.2,15294110,98.38,98.74,95.98
2021-09-15,98.24,11623450,96.99,98.53,96.99
2021-09-16,97.32,10617020,98.32,98.59,96.91
2021-09-17,96.76,16008920,97.11,98.38,96.37
2021-09-20,94.78,15796140,94.64,95.25,93.31
2021-09-21,94.85,10958440,95.57,95.89,94.03
2021-09-22,97.64,13292800,96.24,98.78,96.24
2021-09-23,100.06,10094870,98.24,100.2662,97.75
2021-09-24,100.6,8225292,99.65,100.97,99.65
2021-09-27,102.97,12697520,102.59,103.78,102.59
2021-09-28,103.36,15560820,103.91,104.89,102.88
2021-09-29,103.33,10268050,103.21,104.24,102.34
2021-09-30,101.45,15324110,103.42,103.45,101.45
2021-10-01,104.33,10854910,102.215,104.54,101.88
2021-10-04,104.72,13305380,105,105.86,104.11
2021-10-05,105.86,13017310,106.04,107.77,105.42
2021-10-06,104.93,10630110,104.18,105.345,103.58
2021-10-07,105.68,8830858,105.61,106.3,105.215
2021-10-08,108.05,10586720,106.81,108.43,106.6
2021-10-11,107.13,9794816,109.56,109.63,106.9231
2021-10-12,107.15,9085018,106.99,107.58,106.17
2021-10-13,107.79,9221384,106.77,108.34,106.48
2021-10-14,108.81,7650588,108.88,109.16,108.11
2021-10-15,109.61,9968079,109.77,110.025,109.43
2021-10-18,109.56,10677440,110.22,110.41,108.955
2021-10-19,111.7,10362810,110.16,111.7,109.795
2021-10-20,113.16,10811370,111.09,113.17,110.78
2021-10-21,111.74,9372562,112.71,112.805,110.87
2021-10-22,112.8,8673794,112.22,112.88,111.45
2021-10-25,113.85,9579769,113.53,114.35,113.3011
2021-10-26,114.1,7463012,113.98,114.6,113.51
2021-10-27,112.07,9096093,113.22,113.58,111.65
2021-10-28,113.12,7538156,111.58,113.27,111.58
2021-10-29,114.49,15294240,114.83,115.29,113.15
2021-11-01,114.53,11213770,115.03,115.09,114.05
2021-11-02,113.83,9189727,114.18,114.19,113.21
2021-11-03,113.01,10415960,112.27,113.27,111.97
2021-11-04,113.51,9672950,114.22,114.26,112.91
2021-11-05,114.74,8102077,114.27,115.05,113.93
2021-11-08,115.15,7695949,115.09,115.99,114.69
2021-11-09,116,10945910,115.27,116.12,114.46
2021-11-10,114.15,10305100,115.76,116.21,113.66
2021-11-11,114.16,7317533,113.6,114.67,113.57
2021-11-12,114.23,8682840,113.8,114.305,113.59
2021-11-15,116.82,11050420,114.95,116.95,114.27
2021-11-16,117.28,10566260,117.11,118.08,116.86
2021-11-17,115.42,11108040,114.87,116.53,114.66
2021-11-18,114.45,8371422,114.85,115.38,113.41
2021-11-19,111.91,13538020,112.51,113.15,111.1
2021-11-22,113.91,9947752,112.02,115.1901,111.85
2021-11-23,116.3,10375090,115.19,116.84,115.06
2021-11-24,117.19,8500870,116.81,118,116.68
2021-11-26,114.51,11861780,113.35,114.83,112.63
2021-11-29,114.85,12003850,116.34,117.17,114.71
2021-11-30,112.87,24451190,113.45,115.86,112.44
2021-12-01,112.1,12308070,114.95,116.055,112.09
2021-12-02,115.14,11392390,113.25,115.7,111.93
2021-12-03,114.41,10445110,116.74,117,113.585
2021-12-06,116.2,9833881,115.96,117.45,115.05
2021-12-07,117.92,11419640,117.235,118.66,117.235
2021-12-08,118.45,8827850,118.39,119.26,117.66
2021-12-09,118.14,8334720,117.85,118.6,117.58
2021-12-10,118.34,9090712,118.93,119.2,116.87
2021-12-13,115.88,8533029,117.46,117.85,115.61
2021-12-14,116.22,12245290,115.74,116.915,115.47
2021-12-15,115.56,11069550,116.32,116.32,113.95
2021-12-16,116.64,11344670,116.19,118.1899,115.92
2021-12-17,113.6,22768790,115.92,116.46,113.53
2021-12-20,113.65,13464430,111.86,113.71,110.73
2021-12-21,115.47,11368240,114.43,116.07,114.29
2021-12-22,116.13,8345209,115.42,116.68,114.41
2021-12-23,116.41,7416618,116.51,117.92,116.4
2021-12-27,118.79,7746498,116.07,118.82,115.4101
2021-12-28,118.56,6516975,118.66,119.3401,118.035
2021-12-29,117.95,6957392,118.08,118.6461,117.29
2021-12-30,117.43,6015963,118.13,118.69,117.34
2021-12-31,117.35,5706571,117.38,118.09,117.13
2022-01-03,119.26,10721650,117.42,119.69,117.29
2022-01-04,121.43,16413080,119.95,121.98,119.66
2022-01-05,122.22,15487060,122.24,123.84,122.07
2022-01-06,123.26,13318510,123.62,124.32,121.64
2022-01-07,125.03,14164600,123.55,125.54,122.95
2022-01-10,125.11,12626140,125.15,125.69,123.86
2022-01-11,127.97,14608980,125.86,128,124.83
2022-01-12,127.33,12469170,127.99,128.4275,126.47
2022-01-13,126.8,9691264,127.14,128.1,126.45
2022-01-14,128.96,13281010,126.76,129.2,126.76
2022-01-18,129.38,12908560,129.69,130,127.87
2022-01-19,128.91,12064280,129.95,130.15,128.5369
2022-01-20,128.45,11370410,128.27,130.86,127.88
2022-01-21,126.91,13055710,127.76,128.4,126.229
2022-01-24,127.18,19532200,124.45,127.73,122.84
2022-01-25,132.59,19984520,127.12,132.74,125.27
2022-01-26,132.69,17266510,132.9,134.71,131.59
2022-01-27,135.37,20654130,134.45,137,133.59
2022-01-28,130.61,24817830,130,132.06,128.07
2022-01-31,131.33,16401780,130.19,131.8559,129.3301
2022-02-01,134.79,16169730,130.83,135.74,130.5144
2022-02-02,135.41,10906720,134.35,135.8,132.8
2022-02-03,134.2,9447690,134.85,135.35,133.19
2022-02-04,135.88,13034730,135.01,137,135.01
2022-02-07,138.55,18422550,135.34,139.43,134.83
2022-02-08,136.44,11021580,138.18,138.43,135.01
2022-02-09,137.79,10140780,136.715,138.34,136.1
2022-02-10,136.04,11012720,137.56,138.79,135.39
2022-02-11,138.81,12821230,136.86,139.44,136.28
2022-02-14,136.67,15944960,137.94,138.05,135.05
2022-02-15,134.26,11752000,133.08,134.84,132.18
2022-02-16,134.3,11348840,134.945,136.16,133.76
2022-02-17,133.61,10073940,134.17,134.583,132.45
2022-02-18,133.42,10691820,132.82,133.9087,132.05
2022-02-22,132.4,19428740,137,137,130.52
2022-02-23,135.55,16134240,132.93,136.08,132.56
2022-02-24,134.85,22108910,137.93,138.23,131.721
2022-02-25,140.38,28028030,135.96,140.5,135.43
2022-02-28,144,24394290,139.27,144,138.65
2022-03-01,149.72,31159890,145.01,149.96,144.7
2022-03-02,154.14,31329540,150.2,155.75,150.05
2022-03-03,156.22,22492890,152.26,157.12,151.75
2022-03-04,158.65,29053440,155.79,159.95,155.09
2022-03-07,162.04,34824670,159.9,162.1,155.72
2022-03-08,170.53,57231030,164.31,174,164.1
2022-03-09,166.27,43429990,162.77,169.77,161.2125
2022-03-10,170.82,34913610,168.74,174.76,168.29
2022-03-11,170.9,28423560,165.89,172.98,165.88
2022-03-14,166.72,25156190,166.21,168.35,164.3009
2022-03-15,158.28,28534400,159.114,160.189,155.26
2022-03-16,157.71,22299740,158.79,160.5,156.21
2022-03-17,160.44,15750670,159.95,160.99,157.92
2022-03-18,161.73,23214730,160.89,161.73,158.78
2022-03-21,164.64,13180560,163.02,165.58,162.72
2022-03-22,164.09,11063910,163.69,165.26,162.5804
2022-03-23,165.86,10755000,166,167.3463,164.94
2022-03-24,166.3,9024821,166.43,167.4001,165
2022-03-25,169.31,10258280,165.22,169.69,165.16
2022-03-28,166.35,9992000,165.9,166.63,165.13
2022-03-29,164.32,15102590,163.51,164.48,160.5
2022-03-30,165.48,9905997,165.24,166.35,163.66
2022-03-31,162.83,10395920,163.47,166.16,162.72
2022-04-01,164.22,8795255,162.78,165.95,162.33
2022-04-04,164.37,8723834,165,165.45,163
2022-04-05,163.36,9538219,165.03,167.7228,163.1
2022-04-06,164.81,9268988,164.83,167.01,164.33
2022-04-07,167.1,8018385,165.1,167.7,163.42
2022-04-08,169.93,10801180,167.05,171.095,167.02
2022-04-11,165.56,10206070,168.57,168.78,164.9101
2022-04-12,169.01,9528372,168.97,172.68,168.15
2022-04-13,171.67,7330690,170.93,172.08,168.29
2022-04-14,171.59,9421052,170.69,172.94,170.56
2022-04-18,173.89,7639045,173,174.54,171.87
2022-04-19,171.83,6970194,173.08,173.685,171.03
2022-04-20,172.53,7494950,171.62,173.58,171.4632
2022-04-21,164.58,14594790,171.74,172.44,163.83
2022-04-22,160.95,12160120,164.38,165.47,160.86
2022-04-25,157.49,15449850,155.73,158.36,151.36
2022-04-26,156.53,9810595,158.82,160.37,156.39
2022-04-27,156.24,10396640,157.08,157.92,154.52
2022-04-28,161.79,9366444,157.45,163,154.93
2022-04-29,156.67,14713220,161.28,162.44,156.29
2022-05-02,159.75,11559040,156.31,160,155.15
2022-05-03,162.49,8827214,159.57,163.43,159.26
2022-05-04,167.59,9183248,164.97,167.89,163.47
2022-05-05,166.26,9807618,169.26,169.5,162.65
2022-05-06,170.69,10418070,168.27,170.97,165.42
2022-05-09,159.25,14110670,167.75,167.75,158.475
2022-05-10,160.78,11635990,162.21,164.19,157.87
2022-05-11,163.16,9105510,163.58,167.46,162.51
2022-05-12,164.71,8936447,163.22,164.85,158.86
2022-05-13,167.87,9229903,166.5,168.79,164.88
2022-05-16,173.01,13296290,169,174.97,168.855
2022-05-17,174.03,12827570,174.84,175.65,172.61
2022-05-18,168.06,13107480,174.12,174.13,165.79
2022-05-19,166.86,10958660,164.63,169.635,162.83
2022-05-20,167.82,9615014,168.88,171.04,164.09
2022-05-23,171.72,10216370,169.43,172.96,169.11
2022-05-24,172.64,9782746,170.69,173.58,169.81
2022-05-25,175.41,10174490,173.14,175.99,172.97
2022-05-26,176.59,11213900,176.49,177.93,175.01
2022-05-27,178.28,10512290,176.52,178.35,175.69
2022-05-31,174.66,20547570,179.96,180.96,173.47
2022-06-01,176.32,8824083,176.73,178.13,174.94
2022-06-02,176,7441942,174.74,176.51,174.1
2022-06-03,177.6,8435276,176,178.25,176
2022-06-06,176.83,6734222,177.9,178,175.5103
2022-06-07,180.2,9668277,177.47,180.66,176.92
2022-06-08,181.13,8715219,180.95,182.4,180.25
2022-06-09,177.52,9767334,180.03,180.64,177.39
2022-06-10,175.4,9531887,176.37,178.57,173.65
2022-06-13,167.33,14614910,171.61,172,164.06
2022-06-14,167.55,10269310,169.37,172.29,165.84
2022-06-15,164.26,11565260,166.78,167.85,161.94
2022-06-16,155.48,18125950,159.94,160.54,153.75
2022-06-17,148.38,35575070,154.88,155.47,145.79
2022-06-21,154.59,13771960,152.05,156.02,151.44
2022-06-22,147.87,13746270,148.07,150.8,146.33
2022-06-23,142.43,15713650,148.79,149.23,140.15
2022-06-24,144.77,11108280,145.2,147.09,142.6
2022-06-27,147.57,9242394,145.86,148.82,145.6
2022-06-28,149.94,9188157,150.88,152.185,148.11
2022-06-29,146.98,9082908,151.63,152.11,146.09
2022-06-30,144.78,10684990,144.55,147.92,143.41
2022-07-01,146.51,7684648,146.6,146.96,142.47
2022-07-05,142.66,11518340,143.65,144.54,139.41
2022-07-06,140.78,12421180,141.66,143.26,136.8
2022-07-07,143.52,12741790,144.1,145.3,143.08
2022-07-08,142.77,7915513,144.88,145.45,141.09
2022-07-11,141.51,7058086,141.91,142.8455,139.93
2022-07-12,138.92,8653904,138.5,139.62,137.26
2022-07-13,137.99,9414621,137.61,140.725,137.14
2022-07-14,135.94,10150200,134.31,136.16,132.54
2022-07-15,137.65,7051940,138.96,138.96,136.43
2022-07-18,139.58,7943901,140.56,142.14,139.08
2022-07-19,144.61,9152131,139.69,145.01,139.42
2022-07-20,146.52,7856587,144.5,147.26,143.32
2022-07-21,145.4,6724233,143.12,145.47,141.5
2022-07-22,144.19,5889480,145.56,146.3,143.42
2022-07-25,148.48,6210859,145.7,148.61,144.18
2022-07-26,147.32,6112846,149.5,150.68,146.5301
2022-07-27,149.26,6223030,148.34,150.2,146.66
2022-07-28,150.39,6574257,150.69,151.47,148.03
2022-07-29,163.78,17143670,156.545,164.66,155.9
2022-08-01,160.51,8017771,161.18,161.86,159.15
2022-08-02,159.14,5928321,160.89,161.47,158.3
2022-08-03,155.36,8751360,159.31,159.96,154.35
2022-08-04,151.14,10640040,155.32,155.44,150.725
2022-08-05,153.64,7170150,149.64,155.01,149.02
2022-08-08,153.41,5971746,153.59,154.98,153.1524
2022-08-09,155.41,5842157,155.94,157.8,154.6
2022-08-10,155.82,6145793,156,156.47,152.93
2022-08-11,159.62,7888554,158.11,161.16,157.62
2022-08-12,159.85,7244736,158.25,159.91,157.14
2022-08-15,156.81,8975241,155.18,157.79,153.44
2022-08-16,156.41,7218400,157.41,157.92,155.82
2022-08-17,157.7,6741052,156.63,159.3406,155.51
2022-08-18,159.02,6477525,157.15,159.66,157.09
2022-08-19,157.69,6834151,158.46,159.74,157.62
2022-08-22,156.9,9146956,156.69,157.74,154.42
2022-08-23,161.99,10354810,159.1,162.34,158.71
2022-08-24,163.19,9468086,161.66,163.35,160.67
2022-08-25,164.62,8050712,163.92,164.9,162.61
2022-08-26,163.41,7765789,164.18,166.13,162.46
2022-08-29,164.63,8462554,163.89,166.83,163.64
2022-08-30,160.62,8814325,162.32,162.56,158.76
2022-08-31,158.06,13582720,157.61,161.41,156.15
2022-09-01,155.54,8244374,156.48,156.88,153.2275
2022-09-02,157.85,7526632,158.24,159.125,156.72
2022-09-06,157.12,8550015,159.89,159.99,155.71
2022-09-07,155.11,9442085,154.06,155.82,152.62
2022-09-08,155.95,9232512,155.59,156.38,153.38
2022-09-09,159.97,8262324,158.41,160.65,157.53
2022-09-12,162.5,8920774,162.81,164.53,161.25
2022-09-13,159.41,10308250,161.41,162.66,158.74
2022-09-14,163.27,11160780,160.94,163.57,160.345
2022-09-15,160.62,9664953,160.68,161.695,159.58
2022-09-16,156.45,43741590,160.52,161.14,155.61
2022-09-19,156.9,6813836,152.93,156.95,152.8
2022-09-20,156.28,8955194,156.04,156.85,154.3438
2022-09-21,155.01,6876977,158.31,158.78,154.95
2022-09-22,154.89,6981135,157.6,158.28,154.74
2022-09-23,144.77,13919660,149.75,150.18,143.66
2022-09-26,140.96,9443962,143.57,145.05,140.89
2022-09-27,141.02,10121030,142.29,143.77,140.46
2022-09-28,145.78,8279791,142.08,146.44,141.4
2022-09-29,144.77,8197558,144.505,145.4114,142.27
2022-09-30,143.67,9402735,144.03,145.135,142.4901
2022-10-03,151.73,9597434,148.97,152.34,148.3
2022-10-04,157.63,9520192,154.43,157.875,153.63
2022-10-05,158.53,10633060,155.84,159.73,154.8
2022-10-06,161.42,9498285,157.34,161.94,157.2
2022-10-07,160.03,9972528,162.51,163.93,159.06
2022-10-10,157.14,5904458,161,161.47,156.44
2022-10-11,157.17,7533526,154.75,159.93,154.11
2022-10-12,157.64,4942040,156.14,158.8058,155.52
2022-10-13,165.28,10227530,156.35,165.99,156.35
2022-10-14,160.14,7330891,164.04,165.46,159.93
2022-10-17,161.31,5890355,163.29,164.91,161.1
2022-10-18,162.72,5631214,162.36,163.31,158.96
2022-10-19,168,9766782,163.59,169.21,163.59
2022-10-20,168.96,8871544,169.3,171.82,167.94
2022-10-21,173.19,7971263,169.15,173.84,168.85
2022-10-24,173.13,7007718,172.08,174.67,171.61
2022-10-25,174.93,7280616,173.06,175,172.1668
2022-10-26,177.09,6867398,175.32,178.48,175.17
2022-10-27,177.9,9177445,179.89,181.4,177.48
2022-10-28,179.98,10773910,181.47,182.86,176.53
2022-10-31,180.9,13281030,178.06,183.84,178.06
2022-11-01,182.22,9185616,183.87,184.5,181.9
2022-11-02,178.5,8095097,180.93,182.9,178.27
2022-11-03,181.13,6607761,177.97,182.19,177.41
2022-11-04,183.42,7491859,184.84,185.4,180.6
2022-11-07,185.61,7577990,182.5,186.38,182.11
2022-11-08,185.34,6308242,185.32,186.25,183.861
2022-11-09,177.93,8021724,183.61,183.81,177.22
2022-11-10,181.3,6981533,182.23,182.33,178.04
2022-11-11,186.46,8428326,184.05,187.1,183.89
2022-11-14,186.55,9722363,186.31,189.68,186.18
2022-11-15,188.05,7747319,187.12,188.435,185.27
2022-11-16,184.99,7941075,186.535,187.8152,183.675
2022-11-17,184.09,6553224,181.51,184.23,180.27
2022-11-18,182.99,7661469,180.96,183.41,179.65
2022-11-21,181.24,8432869,179.73,181.7,175.82
2022-11-22,185.89,9017994,183.75,186.56,183.08
2022-11-23,184.24,5831218,183.21,185.15,182.58
2022-11-25,183.7,2796407,184.89,185.3,183.31
2022-11-28,178.36,9367156,180.28,181.47,177.96
2022-11-29,181.03,6985359,180.26,181.85,179.65
2022-11-30,183.31,10936710,182.85,183.34,179.62
2022-12-01,182.49,5217378,184.26,184.55,181.44
2022-12-02,181.03,6852304,181.53,183.63,179.925
2022-12-05,176.56,8162195,182.67,182.95,174.63
2022-12-06,172.01,8764989,175.51,178.06,171.1204
2022-12-07,172.52,6936345,171.06,174.5834,170.85
2022-12-08,173.54,8076601,176.25,176.4,172.03
2022-12-09,168,10754280,172.3,173.19,167.93
2022-12-12,169.75,9364900,168.93,170.52,167.71
2022-12-13,173.53,7838780,173.57,174.455,172.48
2022-12-14,172.33,7045514,174.49,174.92,171.265
2022-12-15,171.04,7273274,170.6,171.3724,168.055
2022-12-16,168.72,23876040,168.53,170.15,167.1
2022-12-19,169.88,7131563,170.11,170.82,168.25
2022-12-20,172.67,6199128,169.81,173.29,169.6
2022-12-21,174.7,5479426,175.19,175.96,173.16
2022-12-22,172.08,5756793,175.16,175.21,168.3305
2022-12-23,177.4,6079120,174.1,177.58,173.69
2022-12-27,179.63,5167962,178.36,180.23,177.4
2022-12-28,176.98,4494350,178.86,179.2981,175.93
2022-12-29,178.32,4142090,176.65,179.2,176.65
2022-12-30,179.49,5005094,178.03,179.95,177.7
