Date,Close/Last,Volume,Open,High,Low
2016-09-08,89.05,9575778,88.55,89.37,88.04
2016-09-09,86.84,12773160,88.66,88.66,86.8
2016-09-12,87.29,10873270,86.78,87.71,86.63
2016-09-13,85.21,13178200,86.46,86.47,85.08
2016-09-14,84.6,13935400,85.04,85.83,84.265
2016-09-15,85.08,9235549,84.67,85.65,84.52
2016-09-16,84.03,21515600,84.51,85.05,83.56
2016-09-19,83.83,7928951,84.58,84.62,83.81
2016-09-20,82.54,17234820,83.73,83.95,82.54
2016-09-21,83.3,15033980,82.82,83.62,82.31
2016-09-22,83.54,10703170,84.28,84.55,83.38
2016-09-23,83.45,12663580,82.68,84.31,82.59
2016-09-26,83.06,10851050,83.52,84.5,82.93
2016-09-27,83.24,9587485,82.59,83.34,82.29
2016-09-28,86.9,28102320,83.46,87.23,83.34
2016-09-29,86.46,19055180,86.97,87.2,85.675
2016-09-30,87.28,15927840,86.84,87.81,86.65
2016-10-03,87.05,7082632,86.94,87.2,86.54
2016-10-04,86.25,8211433,87.38,87.5,86.07
2016-10-05,87,8790339,86.83,87.17,86.7
2016-10-06,87.04,7717701,87.25,87.47,86.44
2016-10-07,86.74,6599116,86.95,87.4,86.42
2016-10-10,88.44,10050930,87.54,88.67,87.51
2016-10-11,87.74,9289679,88.08,88.19,87.3
2016-10-12,87.13,8172309,87.22,87.72,86.67
2016-10-13,86.56,9884502,86.35,86.869,85.43
2016-10-14,86.54,7977738,87.19,87.535,86.48
2016-10-17,86.54,7255758,86.48,86.79,86.07
2016-10-18,86.77,5407652,87.17,87.33,86.38
2016-10-19,87.17,9361063,87.19,87.85,86.88
2016-10-20,87.21,6853804,86.79,87.5,86.6
2016-10-21,86.62,10719610,86.42,86.82,85.6985
2016-10-24,86.91,8331278,86.74,87.32,86.07
2016-10-25,86.72,6820764,86.67,87.65,86.6
2016-10-26,87.09,8478130,86.25,87.45,85.95
2016-10-27,86.92,9052759,87.28,87.66,86.8
2016-10-28,84.78,19070570,85.28,86.36,84.14
2016-10-31,83.32,16608610,83.88,84.4,82.99
2016-11-01,83.65,13035880,83.5,83.92,83.27
2016-11-02,83.45,11198430,83.3,83.88,82.94
2016-11-03,83.66,8818660,83.68,83.88,83.05
2016-11-04,83.57,13858600,83.63,84.33,82.76
2016-11-07,85.45,13556890,84.49,85.47,84.4004
2016-11-08,85.31,9718516,84.73,85.83,84.49
2016-11-09,86.25,15864210,84.05,86.71,83.66
2016-11-10,87.05,14069230,85.91,87.99,85.66
2016-11-11,85.67,13732880,86.53,86.73,84.89
2016-11-14,85.28,12582220,85.3,85.65,84.325
2016-11-15,86.82,12882240,85.77,87.06,85.77
2016-11-16,85.75,8137416,86.74,86.78,85.58
2016-11-17,85.23,8174752,86.44,86.88,85.02
2016-11-18,85.28,8350130,85.21,85.65,84.83
2016-11-21,86.49,8847675,86.44,86.69,86.135
2016-11-22,86.68,9387598,86.69,87.24,85.97
2016-11-23,86.92,6060681,86.54,87.08,86.3101
2016-11-25,87.12,5043042,86.71,87.14,86.54
2016-11-28,86.47,7399912,86.95,87.1348,86.37
2016-11-29,85.9,9161668,85.42,86.075,85.08
2016-11-30,87.3,22647820,87.6,88.19,87.2
2016-12-01,87.24,12999540,87.98,88.5,87.24
2016-12-02,87.04,9695961,87.19,87.99,86.6
2016-12-05,87.48,11721290,87.39,87.82,86.92
2016-12-06,87.56,11280350,87.27,87.87,86.6999
2016-12-07,88.07,10899320,87.63,88.15,87.2
2016-12-08,88.32,9029482,88.05,88.85,87.65
2016-12-09,89,8014781,88.64,89,88.18
2016-12-12,90.98,15536580,90.14,91.5,90.14
2016-12-13,92.58,18235580,91.89,93.215,91.17
2016-12-14,90.58,16322600,92.26,92.27,90.17
2016-12-15,90.89,11135690,90.1,90.98,89.76
2016-12-16,91.18,20291240,91.52,91.67,90.64
2016-12-19,90.42,9651496,91.38,91.54,90.2
2016-12-20,90.43,7206835,90.51,90.85,90.29
2016-12-21,90.28,7298098,90.68,90.9,90.18
2016-12-22,90.87,7989703,90.02,90.9,90.02
2016-12-23,90.71,4266137,90.89,90.96,90.52
2016-12-27,90.75,4913368,90.83,91.11,90.58
2016-12-28,90.3,6574300,90.68,91.11,90.26
2016-12-29,90.35,6683867,90.1,90.6,90.03
2016-12-30,90.26,9117025,90.03,90.7,90.01
2017-01-03,90.89,10344430,90.94,91.34,90.15
2017-01-04,89.89,9384256,91.12,91.15,89.75
2017-01-05,88.55,14438510,90.19,90.3,88.44
2017-01-06,88.5,16508660,88.79,88.98,87.82
2017-01-09,87.04,13746820,88.22,88.22,86.55
2017-01-10,85.93,13267310,87.17,87.31,85.91
2017-01-11,86.81,11031980,85.9,86.95,85.86
2017-01-12,86.34,10394730,87.27,87.38,86.07
2017-01-13,86.35,8404428,86.27,86.68,86.17
2017-01-17,87.36,13233190,86.58,87.39,86.25
2017-01-18,86.28,11812980,87.06,87.41,86.05
2017-01-19,84.73,16355880,85.97,86.1,84.59
2017-01-20,85.89,18699760,85.44,85.96,85.05
2017-01-23,84.97,11413130,85.68,85.88,84.75
2017-01-24,85.09,11834120,84.98,85.47,84.825
2017-01-25,85.34,9576700,85.34,85.88,85.25
2017-01-26,85.6,8775047,85.69,85.83,85.12
2017-01-27,85.51,10942330,85.3,85.75,85.0441
2017-01-30,84.86,12761330,85.42,85.45,84.175
2017-01-31,83.89,19126180,85.04,85.07,83.13
2017-02-01,82.94,15084320,84,84.16,82.54
2017-02-02,83.45,12190440,83.21,83.53,82.55
2017-02-03,83.54,12732810,83.7,83.72,82.9
2017-02-06,83.31,9929942,83.55,83.65,82.93
2017-02-07,82.77,11689350,83.23,83.62,82.45
2017-02-08,81.48,14003910,81.99,82.12,81.17
2017-02-09,81.84,9574366,81.8,82.05,81.665
2017-02-10,82.52,8739381,82.26,82.77,82.13
2017-02-13,83,9056892,82.77,83.1837,82.35
2017-02-14,82.82,11369840,82.91,83.1,82.06
2017-02-15,83.16,11761910,82.64,83.18,82.4634
2017-02-16,82.3,10612220,83.12,83.42,82.17
2017-02-17,81.76,15631780,82.09,82.19,81.44
2017-02-21,81.89,16413360,82.12,82.15,81.3
2017-02-22,80.93,12897880,81.65,81.7,80.87
2017-02-23,81.78,13840770,81.42,82.22,81.03
2017-02-24,81.08,11336170,81.6,81.8,80.76
2017-02-27,81.54,13456190,81.13,81.71,80.81
2017-02-28,81.32,16828040,81.53,81.99,81.05
2017-03-01,83.02,17476710,81.7,83.33,81.7
2017-03-02,83.3,14159890,82.8,84.25,82.79
2017-03-03,82.46,12291790,83.56,83.6,82.26
2017-03-06,82.83,9616011,82.44,82.9,82.331
2017-03-07,82.52,12710160,83.11,83.29,82.14
2017-03-08,81.03,16813700,82.35,82.38,81.01
2017-03-09,81.67,14708280,80.64,81.72,80.31
2017-03-10,81.61,11354630,82.44,82.47,81.155
2017-03-13,81.42,9420033,81.5,81.94,81.05
2017-03-14,80.99,11333060,81,81.229,80.44
2017-03-15,82,11966690,81.35,82.06,81.045
2017-03-16,82.07,9923605,82.03,82.2,81.67
2017-03-17,82,18828130,82.03,82.26,81.82
2017-03-20,82,7699658,81.72,82.04,81.44
2017-03-21,81.83,13389790,82.16,82.35,81.6
2017-03-22,81.76,11161210,81.96,82.09,81.43
2017-03-23,81.86,8927004,81.63,82.22,81.46
2017-03-24,81.23,9118829,82.03,82.03,81.149
2017-03-27,81.25,8468031,80.82,81.43,80.791
2017-03-28,81.84,11022320,81.32,82.02,80.96
2017-03-29,82.02,8494693,81.69,82.2833,81.547
2017-03-30,83.7,44673990,82.03,83.87,81.935
2017-03-31,82.01,21734060,83.26,83.31,81.86
2017-04-03,82.07,11437310,82.02,82.31,81.35
2017-04-04,82.37,9264446,82.1,82.42,81.33
2017-04-05,82.53,13792140,82.85,83.55,82.47
2017-04-06,83.01,9547924,82.75,83.21,82.46
2017-04-07,82.76,8908590,83.24,83.36,82.68
2017-04-10,83.13,8884528,83.12,83.47,82.92
2017-04-11,82.84,8575677,83.08,83.17,82.42
2017-04-12,82.97,9515239,82.86,83.35,82.7
2017-04-13,81.69,8660761,82.72,82.729,81.57
2017-04-17,81.58,9574433,81.85,81.97,81.435
2017-04-18,81.05,8815821,81.32,81.82,81.03
2017-04-19,80.49,10757800,81.17,81.51,80.3
2017-04-20,81.01,11642830,80.95,81.74,80.7
2017-04-21,80.69,9812006,80.93,81,80.47
2017-04-24,81.11,8717526,81.28,81.4,80.81
2017-04-25,81.73,10714480,81.43,81.9301,81.2801
2017-04-26,81.4,9436387,81.52,82.33,81.3901
2017-04-27,81.26,12376230,81.07,81.3,80.94
2017-04-28,81.65,12070750,82.46,82.49,81.56
2017-05-01,82.06,8664070,81.51,82.21,81.48
2017-05-02,82.05,9019873,82.14,82.59,81.9
2017-05-03,82.7,10280090,81.97,83.0699,81.91
2017-05-04,81.64,16162050,82.29,82.36,81.4
2017-05-05,82.02,10211700,81.63,82.235,81.61
2017-05-08,82.89,8095346,82,82.94,82
2017-05-09,82.31,8639556,82.96,83,82.16
2017-05-10,81.91,9520140,82.12,82.37,81.65
2017-05-11,82.61,10045800,82.59,82.71,82.1
2017-05-12,82.55,7479472,82.39,82.71,82.25
2017-05-15,82.8,10776270,83,83.1829,82.65
2017-05-16,82.55,9570105,82.9,83.23,82.45
2017-05-17,81.99,11135260,82.3,83.04,81.96
2017-05-18,81.75,9905779,81.77,82.15,81.42
2017-05-19,81.93,12924950,82,82.09,81.695
2017-05-22,82.29,9217104,82.11,82.33,81.93
2017-05-23,82.58,6856683,82.32,82.885,82.24
2017-05-24,82.29,8256898,82.42,82.54,82.01
2017-05-25,81.75,12368220,82.33,82.71,81.52
2017-05-26,81.55,8220533,81.61,81.8,80.83
2017-05-30,81.1,8966377,81.28,81.34,81.04
2017-05-31,80.5,13570090,80.94,80.95,80.47
2017-06-01,80.7,9878260,80.37,80.9,80.19
2017-06-02,79.5,21676320,80.59,80.68,79.26
2017-06-05,80.12,11515140,79.44,80.39,79.4
2017-06-06,81.21,12202580,80.3,81.32,80.22
2017-06-07,80.91,13090690,81.05,81.4,80.34
2017-06-08,80.62,11635240,80.51,81.08,80.49
2017-06-09,82.13,13542180,81.15,82.14,80.69
2017-06-12,82.93,18167280,82.67,83.69,82.64
2017-06-13,82.96,12173010,82.85,83.27,82.57
2017-06-14,82.07,13712010,82.81,82.82,81.56
2017-06-15,82.26,11862310,81.78,82.4,81.58
2017-06-16,83.49,39578780,82.61,83.54,82.2
2017-06-19,82.76,10351500,83.22,83.45,82.55
2017-06-20,82.31,13230530,82.07,82.466,81.41
2017-06-21,81.44,11418470,82.04,82.63,81.14
2017-06-22,81.08,8138550,81.45,81.58,80.9
2017-06-23,81.61,10608850,80.85,81.69,80.76
2017-06-26,81.24,7716517,81.57,81.75,80.9073
2017-06-27,81.11,9220090,81.45,81.73,81.11
2017-06-28,81.53,9189671,81.41,81.76,81.185
2017-06-29,80.7,20518940,81.37,81.84,80.41
2017-06-30,80.73,13989800,81.08,81.241,80.7
2017-07-03,82.1,8422283,80.79,82.49,80.72
2017-07-05,80.85,9828004,81.68,81.68,80.515
2017-07-06,80.12,9820348,80.86,81.08,80.09
2017-07-07,80.22,10399380,80.2,80.595,79.81
2017-07-10,80.16,6337787,80,80.41,79.96
2017-07-11,80.6,9608500,80.33,80.7547,80.0399
2017-07-12,80.96,7972925,81.19,81.515,80.75
2017-07-13,80.97,5581199,80.97,81.09,80.73
2017-07-14,81.28,7496440,81,81.41,80.77
2017-07-17,80.86,7887298,81,81.43,80.83
2017-07-18,80.6,8023058,81.02,81.08,80.41
2017-07-19,80.85,9391093,80.44,80.87,80.27
2017-07-20,80.86,9676276,80.97,81.49,80.75
2017-07-21,80.12,12265900,80.65,80.84,80
2017-07-24,79.87,9402172,80.06,80.22,79.76
2017-07-25,80.27,11462690,80.77,81.05,80.27
2017-07-26,80.37,10464820,80.58,80.9,80.2
2017-07-27,80.83,11140920,80.24,80.88,79.8966
2017-07-28,79.6,22796120,79.65,79.92,78.27
2017-07-31,80.04,12805830,79.83,80.39,79.6
2017-08-01,80.17,10416150,80.16,80.54,79.97
2017-08-02,80.6,10181180,79.9,80.64,79.8
2017-08-03,80.49,10135640,80.34,80.82,80.2999
2017-08-04,80.21,8287406,80.44,80.56,80.05
2017-08-07,80.16,7892960,80.17,80.17,79.86
2017-08-08,79.96,9024110,80.02,80.215,79.83
2017-08-09,80.21,8083197,80.25,80.35,79.78
2017-08-10,78.97,12577470,79.76,79.78,78.91
2017-08-11,78.21,10185390,79.21,79.25,78.2
2017-08-14,78.23,8861795,78.62,78.79,78.12
2017-08-15,78.04,10348750,78.12,78.25,77.68
2017-08-16,77.47,9108796,78.04,78.17,77.31
2017-08-17,76.26,13099620,77.26,77.28,76.21
2017-08-18,76.64,13539280,76.18,77.11,76.05
2017-08-21,76.38,9994624,76.47,76.62,76.08
2017-08-22,76.74,9501336,76.55,77.335,76.53
2017-08-23,76.61,7051019,76.7,77.01,76.47
2017-08-24,76.33,8677240,76.5,76.65,76.2
2017-08-25,76.72,6841050,76.56,77.13,76.43
2017-08-28,76.47,8225531,76.9,76.94,76.26
2017-08-29,76.45,7052188,76.21,76.49,76.08
2017-08-30,76.1,8134482,76.24,76.45,76.06
2017-08-31,76.33,15641170,76.27,76.49,76.05
2017-09-01,76.57,7358732,76.37,76.85,76.32
2017-09-05,77.18,12784630,76.64,77.36,76.61
2017-09-06,78.78,18314040,77.89,79.225,77.58
2017-09-07,79.03,9833726,79.02,79.3299,78.61
2017-09-08,78.82,8435513,79.01,79.04,78.63
2017-09-11,79.25,12955050,79.41,79.42,78.9
2017-09-12,79.5,7649218,79.4,79.69,79.24
2017-09-13,79.77,8365043,79.5,79.77,79.38
2017-09-14,80.09,9063185,79.85,80.23,79.77
2017-09-15,80.07,15972740,80.12,80.21,79.55
2017-09-18,80.09,8439581,79.79,80.14,79.7
2017-09-19,80.22,9275728,80.06,80.39,79.985
2017-09-20,80.55,10586820,80.28,80.66,80.26
2017-09-21,79.89,11867310,80.49,80.53,79.76
2017-09-22,79.92,10049980,79.72,80.3,79.67
2017-09-25,80.98,10482850,80.03,81,79.98
2017-09-26,80.89,7503273,80.71,80.995,80.56
2017-09-27,81.43,9615665,80.89,81.45,80.79
2017-09-28,82.19,15579110,81.63,82.45,81.56
2017-09-29,81.98,9851825,81.94,82.055,81.575
2017-10-02,81.63,6769072,81.3,81.819,81.245
2017-10-03,81.76,6079970,81.41,81.97,81.3
2017-10-04,81.79,6351585,81.8,81.87,81.45
2017-10-05,82.02,7369702,81.72,82.24,81.59
2017-10-06,81.71,6064980,81.77,81.89,81.355
2017-10-09,82.03,7489815,81.84,82.18,81.76
2017-10-10,82.26,7218494,82.34,82.735,82.09
2017-10-11,82.6,6983783,82.16,82.74,82.14
2017-10-12,82.43,6742152,82.31,82.5,82.17
2017-10-13,82.41,7174752,82.73,83.08,82.36
2017-10-16,82.81,5725911,82.7,82.95,82.54
2017-10-17,82.96,6338121,82.63,82.97,82.54
2017-10-18,82.76,6361070,82.96,83.391,82.54
2017-10-19,82.74,7945430,82.35,83.05,82.33
2017-10-20,83.11,9533276,82.85,83.13,82.62
2017-10-23,83.24,9829555,83.15,83.76,83.0401
2017-10-24,83.47,7466098,83.55,83.8065,83.31
2017-10-25,83.17,9152813,83.45,83.73,82.9465
2017-10-26,83.47,9148121,83.37,83.65,83.11
2017-10-27,83.71,14861640,83,84.24,82.01
2017-10-30,83.54,7810312,83.71,83.95,83.41
2017-10-31,83.35,8539859,83.65,83.68,83.17
2017-11-01,83.87,9257793,83.39,83.94,83.26
2017-11-02,83.53,7773966,83.6,83.705,82.91
2017-11-03,83.18,6903510,83.42,83.64,83.16
2017-11-06,83.75,9274240,83.3,83.87,83.06
2017-11-07,83.58,8430696,83.74,83.82,83.03
2017-11-08,83.47,8691261,83.36,83.5,82.86
2017-11-09,83.97,10478120,83.3,84.14,83.08
2017-11-10,82.94,8693290,83.01,83.08,82.42
2017-11-13,82.89,6720108,82.65,83.09,82.6
2017-11-14,82.24,9248682,82.42,82.75,82.09
2017-11-15,81.21,9555711,81.75,82.09,81.15
2017-11-16,80.56,10443490,80.44,80.85,80.145
2017-11-17,80.24,9535293,80.32,80.66,80.16
2017-11-20,80.55,8463826,80.23,80.64,80.01
2017-11-21,80.87,8806682,80.69,81.25,80.64
2017-11-22,81.1,7941244,81.16,81.4051,81.05
2017-11-24,81.42,3851283,81.44,81.7,81.22
2017-11-27,81.11,9122522,81.32,81.4,81.02
2017-11-28,81.67,9794574,81.41,81.999,81.31
2017-11-29,82.27,9710842,81.65,82.31,81.48
2017-11-30,83.29,18585540,82.45,83.4,82.41
2017-12-01,83.46,13757710,83.44,84.13,82.41
2017-12-04,83.57,12580590,83.21,84.175,83
2017-12-05,82.89,9356362,83.5,83.77,82.71
2017-12-06,82.28,12042690,83.08,83.2,82.21
2017-12-07,82.55,11353710,82.4,82.62,82.17
2017-12-08,82.66,10953820,82.75,82.9,82.26
2017-12-11,83.03,8759507,82.95,83.25,82.74
2017-12-12,82.76,11306970,83.09,83.38,82.7
2017-12-13,83.12,10129000,82.61,83.3,82.48
2017-12-14,82.9,9487150,83.03,83.33,82.89
2017-12-15,83.03,26517040,83.16,83.28,82.87
2017-12-18,82.94,9363372,83.18,83.6744,82.91
2017-12-19,82.44,10284950,83.03,83.17,82.33
2017-12-20,82.87,10615290,82.6,83.14,82.5201
2017-12-21,83.85,13571770,83.35,84.27,82.96
2017-12-22,83.97,10078910,83.88,84.02,83.6
2017-12-26,83.98,4769618,83.96,84.36,83.9
2017-12-27,83.9,6998912,83.99,84.1,83.74
2017-12-28,84.02,7494969,83.98,84.05,83.8
2017-12-29,83.64,8517470,84,84.2,83.64
2018-01-02,85.03,11467880,83.82,85.195,83.66
2018-01-03,86.7,13950040,85.16,86.965,84.82
2018-01-04,86.82,10862600,86.79,87.22,86.43
2018-01-05,86.75,11028750,86.75,86.88,85.705
2018-01-08,87.14,10921890,86.7,87.15,86.6034
2018-01-09,86.77,8082332,86.94,87.15,86.65
2018-01-10,86.08,10822320,87,87.19,85.98
2018-01-11,86.93,14361380,86.36,87.37,85.93
2018-01-12,87.52,9833776,87.2,87.99,87.18
2018-01-16,86.97,10875340,87.74,87.76,86.6
2018-01-17,88,10544600,87.2,88.21,86.93
2018-01-18,87.43,9198361,87.77,88.19,87.34
2018-01-19,87.15,12704230,87.57,87.76,86.61
2018-01-22,88.25,9739735,87.17,88.29,87.05
2018-01-23,88.3,9846255,88.25,88.46,87.74
2018-01-24,88.53,10227840,88.49,88.918,88.01
2018-01-25,88.37,11251100,88.55,88.87,88.2
2018-01-26,89,10400180,88.64,89,88.47
2018-01-29,88.01,9303282,88.59,89.3,87.95
2018-01-30,86.78,12382990,87.54,88.38,86.78
2018-01-31,87.3,14286110,86.56,87.47,86.33
2018-02-01,89.07,17964220,87.5,89.25,87.35
2018-02-02,84.53,29768390,85.13,86.01,82.9978
2018-02-05,79.72,30232270,83.28,83.99,78.13
2018-02-06,78.35,36248950,78.51,80.35,76.9
2018-02-07,76.94,21974890,78.44,79.41,76.92
2018-02-08,76.07,25617960,77.44,77.58,76.03
2018-02-09,75.78,28835060,76.25,76.48,73.9
2018-02-12,76.42,19334650,77.05,77.621,75.841
2018-02-13,76.3,11872790,76.1,76.75,75.73
2018-02-14,76.46,17178300,75.79,76.66,75.165
2018-02-15,76.21,14046990,76.62,76.7,75.45
2018-02-16,76.54,13706870,76.15,77.12,75.85
2018-02-20,75.75,12930250,76.47,77.47,75.461
2018-02-21,74.89,11693490,75.82,76.435,74.87
2018-02-22,75.86,13482620,75.3,76.84,75.185
2018-02-23,77.53,13365820,76.09,77.62,75.95
2018-02-26,78.84,16910630,77.74,78.93,77.56
2018-02-27,77.5,14625980,79,79.87,77.5
2018-02-28,75.74,17039950,78.16,78.25,75.7
2018-03-01,75.2,15684260,75.53,76.6808,74.855
2018-03-02,75.55,15427730,74.89,75.87,74.48
2018-03-05,76.27,14838700,75.23,76.56,75.121
2018-03-06,76.18,10683520,76.67,76.98,75.861
2018-03-07,74.26,27245070,75,75.24,73.56
2018-03-08,74.12,19966250,74.5,74.77,73.69
2018-03-09,74.56,19702460,74.82,75.06,74.21
2018-03-12,75.24,14090350,74.87,75.58,74.69
2018-03-13,74.53,13489140,75.33,75.82,74.25
2018-03-14,73.6,14798000,74.64,74.79,73.53
2018-03-15,74.42,15610230,74.35,75,74.1
2018-03-16,75.12,31327230,74.36,75.12,74.36
2018-03-19,74.15,12183700,75,75.01,73.865
2018-03-20,73.99,12988980,74.22,74.7,73.95
2018-03-21,75.04,14916980,74.23,75.64,73.98
2018-03-22,73.5,17137400,74.42,74.7,73.39
2018-03-23,72.89,20146760,73.81,74.21,72.67
2018-03-26,74,15018670,73.65,74.15,72.7548
2018-03-27,73.7,15044760,74,74.8949,73.275
2018-03-28,72.81,18136630,73.74,74.01,72.78
2018-03-29,74.61,14880700,73.33,74.89,73.26
2018-04-02,73.22,17813720,74.27,74.4,72.155
2018-04-03,75.02,15990420,73.45,75.14,73.1
2018-04-04,74.87,13098830,74.05,75.06,73.44
2018-04-05,76.02,13893040,75.06,76.32,75.02
2018-04-06,74.87,14269230,75.64,76.12,74.215
2018-04-09,74.87,11024730,75.22,75.79,74.8
2018-04-10,77.07,19077480,76.08,77.77,76.06
2018-04-11,77.43,13722310,77.11,78.04,76.75
2018-04-12,77.22,13252920,77.86,78.135,77.005
2018-04-13,77.84,10688650,77.8,78.19,77.6
2018-04-16,78.54,10725360,78.12,79.085,77.71
2018-04-17,78.33,9501815,78.54,78.76,78.04
2018-04-18,79.22,12059900,79.04,79.76,78.94
2018-04-19,79.42,11191800,79.32,79.82,78.81
2018-04-20,79,12058060,79.32,79.4,78.335
2018-04-23,79.57,11727680,78.92,79.6,78.75
2018-04-24,78.35,14101320,79.8,79.93,77.97
2018-04-25,79.5,13864530,78.2,79.62,77.485
2018-04-26,80.86,14442860,79.6,80.9,79.53
2018-04-27,77.79,16342330,76.95,78.65,76.48
2018-04-30,77.75,15020040,77.91,78.56,77.74
2018-05-01,76.95,16228500,77.26,77.26,75.98
2018-05-02,76.8,13180340,76.45,77.23,76.3
2018-05-03,76.54,12230710,76.39,76.605,75.4038
2018-05-04,76.9,9881581,76.13,77.22,75.94
2018-05-07,77.74,15082700,77.74,79.08,77.4
2018-05-08,78.09,17428230,77.8,78.16,76.37
2018-05-09,79.93,17136860,78.98,80.24,78.95
2018-05-10,81.72,17696880,80.64,81.79,80.5
2018-05-11,81.28,14746060,81.18,81.97,80.91
2018-05-14,81.83,11847810,81.7,82.3232,81.61
2018-05-15,81.79,12594440,81.85,82.03,81.4
2018-05-16,82.02,9569397,81.76,82.045,81.17
2018-05-17,81.88,11223500,82.2,82.28,81.44
2018-05-18,81.3,9756114,81.55,81.8,81.26
2018-05-21,82.28,8548775,81.73,82.35,81.52
2018-05-22,81.64,10752670,82.44,82.65,81.35
2018-05-23,82.15,15139330,80.95,82.23,80.57
2018-05-24,80.27,13180230,81.35,81.36,79.95
2018-05-25,78.71,14559770,79.28,79.33,78.09
2018-05-29,78.42,14636290,78.15,78.73,77.53
2018-05-30,81.5,16601090,79.25,81.66,79.22
2018-05-31,81.24,15762770,80.81,81.55,80.69
2018-06-01,81.83,9900070,81.87,82.35,81.55
2018-06-04,80.97,10827760,82.05,82.53,80.805
2018-06-05,80.68,12052840,80.59,81.65,80.41
2018-06-06,82.06,11558170,81.48,82.09,80.87
2018-06-07,82.88,13396330,82.73,83.29,82.56
2018-06-08,83.6,14347010,83.11,83.66,82.5
2018-06-11,83.1,10811770,83.72,83.79,82.93
2018-06-12,82.42,12232900,83.11,83.75,82.32
2018-06-13,81.51,11590130,82.44,82.6,81.47
2018-06-14,81.89,11165640,81.94,82.2999,81.5
2018-06-15,80.66,23785770,81.72,81.82,80.51
2018-06-18,80.82,8935843,80.4,81.38,80.3
2018-06-19,80.7,8748230,79.89,80.9601,79.71
2018-06-20,80.45,8915644,80.85,81.13,80.27
2018-06-21,79.69,10913280,80.02,80.38,79.325
2018-06-22,81.38,16698180,81.16,81.9401,80.92
2018-06-25,79.74,10535430,80.78,81.24,79.3
2018-06-26,80.64,10366270,80.15,81.0146,79.97
2018-06-27,81.71,12588940,81.06,82.48,81.06
2018-06-28,81.97,9387558,81.73,82.07,81.03
2018-06-29,82.73,17302760,82.45,83.54,82.29
2018-07-02,81.76,9909187,81.89,82.13,81.32
2018-07-03,82.24,7197258,82.58,83.45,82.08
2018-07-05,82.31,9031212,82.59,82.77,82.05
2018-07-06,82.33,7536100,81.96,82.7,81.66
2018-07-09,82.9,7149751,82.81,83.125,82.555
2018-07-10,83.66,8781847,83.7,84.12,83.51
2018-07-11,82.59,10142860,83.03,83.53,82.025
2018-07-12,82.69,9614606,83.01,83.24,82.31
2018-07-13,83.31,8719620,82.68,83.75,82.56
2018-07-16,82.49,8304868,82.52,82.79,82
2018-07-17,82.31,7368826,82.26,82.75,82.04
2018-07-18,82.22,8611463,81.8,82.32,81.49
2018-07-19,82.01,8658492,82.2,82.62,81.72
2018-07-20,81.4,9196180,81.72,81.9332,81.25
2018-07-23,81.4,8415963,81.95,82,81.18
2018-07-24,83.01,11101980,81.52,83.02,81.48
2018-07-25,83.59,9523152,83.01,83.74,82.51
2018-07-26,84.24,13110490,83.83,84.4,83.37
2018-07-27,81.92,18220840,80.97,82.38,80.805
2018-07-30,81.74,11282700,82.13,82.13,80.711
2018-07-31,81.51,11714320,81.64,82.15,81.44
2018-08-01,80.39,8934672,80.89,80.93,80.225
2018-08-02,79.91,8362829,79.89,80.255,79.45
2018-08-03,80.2,7810712,79.97,80.3,79.63
2018-08-06,80.18,10040340,80.25,80.43,79.74
2018-08-07,81.27,10698050,80.91,81.59,80.31
2018-08-08,80.73,7272779,81.02,81.23,80.35
2018-08-09,80.32,9821036,80.73,80.905,80.11
2018-08-10,79.42,12947070,79.51,79.524,78.855
2018-08-13,78.56,10308380,79.45,79.75,78.43
2018-08-14,78.31,8001384,78.99,79.07,78.08
2018-08-15,76.94,16251010,77.78,77.9,76.51
2018-08-16,78,11517980,77.28,78.1,77.2
2018-08-17,78.26,10178110,78.34,78.49,77.8
2018-08-20,78.81,7965675,78.26,79,78.17
2018-08-21,78.83,9152703,79.05,79.58,78.67
2018-08-22,79.96,10091250,79.11,80.05,79.02
2018-08-23,79.08,7075035,79.56,79.63,78.895
2018-08-24,79.62,6486583,79.52,80.05,79.42
2018-08-27,80.4,6520449,79.91,80.47,79.8592
2018-08-28,80.28,8794788,80.58,80.82,80.2
2018-08-29,80.86,8001797,80.44,81.04,80.095
2018-08-30,80.51,7404709,80.45,80.78,80.12
2018-08-31,80.17,10697460,80.24,80.46,79.77
2018-09-04,80.29,8849342,80.41,80.69,79.81
2018-09-05,81.36,13836850,79.9,81.43,79.6
2018-09-06,80.46,13318610,81.11,81.64,80.34
2018-09-07,81.83,16312830,80.15,81.93,79.82
2018-09-10,81.71,10433310,82.236,82.74,81.655
2018-09-11,82.86,11780470,81.96,83.19,81.63
2018-09-12,83.13,11535540,83.25,83.78,82.87
2018-09-13,82.32,10914350,83.15,83.25,82.01
2018-09-14,82.92,8666234,82.42,83.15,82.27
2018-09-17,83.41,7934194,83,83.61,82.99
2018-09-18,83.63,8836241,83.9,84.13,83.45
2018-09-19,84.63,10064480,83.64,84.77,83.64
2018-09-20,84.82,11100160,84.86,85.34,84.54
2018-09-21,85.17,26596940,85.01,85.43,84.52
2018-09-24,86.6,13294210,85.79,87.085,85.72
2018-09-25,86.5,11652630,87.031,87.36,86.37
2018-09-26,85.78,9906464,86.02,86.5,85.69
2018-09-27,85.77,7658406,86.085,86.375,85.59
2018-09-28,85.02,9712044,85.25,85.9299,84.99
2018-10-01,85.81,8521724,85.35,86.03,85.255
2018-10-02,86.46,7930951,85.8,86.665,85.622
2018-10-03,86.15,9414971,86.51,86.89,85.975
2018-10-04,85.58,9673638,85.5,86.0753,85.25
2018-10-05,85.34,9216380,85.31,85.7,84.9324
2018-10-08,86.13,12997180,84.79,86.305,84.65
2018-10-09,86.51,10176580,86.38,86.88,85.74
2018-10-10,84.52,16393330,86.73,86.82,84.5
2018-10-11,81.6,20046170,83.94,84.17,81.17
2018-10-12,81.38,14884770,82.13,82.24,80.27
2018-10-15,80.82,10437340,81.38,81.735,80.82
2018-10-16,81.2,9284658,80.51,81.265,80.01
2018-10-17,81.5,10839140,80.94,81.52,80.34
2018-10-18,81.85,16453060,81.2,82.47,81.2
2018-10-19,81.97,11656120,81.66,82.4636,81.51
2018-10-22,81.15,8757475,82,82.18,80.64
2018-10-23,79.84,15334880,80.06,80.46,78.715
2018-10-24,77.62,16008000,80.13,80.26,77.55
2018-10-25,78.31,12278120,78.49,79.05,77.74
2018-10-26,77.53,18154980,77.87,78.41,76.96
2018-10-29,77.05,15646190,78.07,78.43,76.22
2018-10-30,78.78,17757510,77.62,79.03,77.42
2018-10-31,79.68,16612620,79.34,80.3501,78.9
2018-11-01,80.67,14152450,79.83,80.75,79.3
2018-11-02,81.95,18839910,81.76,82.45,80.23
2018-11-05,81.64,15810460,82.5,82.87,81.44
2018-11-06,81.99,9062988,81.74,82.1,81.35
2018-11-07,83.03,12697080,82.21,83.14,81.6599
2018-11-08,81.71,16862350,83.13,83.745,81.535
2018-11-09,80.87,15069970,80.26,81.4,79.695
2018-11-12,79.83,11905910,81.66,81.73,79.73
2018-11-13,78,15527230,79.8,79.85,77.64
2018-11-14,77.39,18539750,78.86,79.09,76.75
2018-11-15,78.19,18962360,76.67,78.19,75.91
2018-11-16,78.96,13578150,78.37,79.19,78.1
2018-11-19,79.22,9393970,78.46,79.36,78.43
2018-11-20,76.97,15532900,78.42,78.9,76.37
2018-11-21,77.56,9685306,77.43,78.38,77.26
2018-11-23,75.49,10875430,76.05,76.2,74.7
2018-11-26,76.98,13064670,76.24,77.32,76.12
2018-11-27,77.05,10343850,76.57,77.45,76.4
2018-11-28,78.45,11428510,77.04,78.45,76.84
2018-11-29,79.06,9881446,78.22,79.53,78.195
2018-11-30,79.5,14039060,78.45,79.6,78.32
2018-12-03,81.22,19324230,80.24,81.46,80.14
2018-12-04,79.43,17092550,81.38,81.95,79.35
2018-12-06,78.39,21245440,78,78.44,76.92
2018-12-07,77.64,16099580,79.39,80.36,77.335
2018-12-10,76.54,17940040,77.86,77.86,74.797
2018-12-11,76.68,12954750,77.7,77.8,75.68
2018-12-12,76.02,14509530,78.04,78.2,76.015
2018-12-13,76.98,11136870,76.03,77.22,75.95
2018-12-14,75.58,12668760,76.72,76.87,75.09
2018-12-17,74.04,14788790,75.26,75.6,73.48
2018-12-18,72,18631010,73.63,73.86,71.62
2018-12-19,70.78,21569390,72.45,73.27,70.2953
2018-12-20,68.63,28660520,70.09,70.66,68.05
2018-12-21,68.12,47244260,68.14,70.37,67.67
2018-12-24,65.51,14262830,66.87,67.53,65.44
2018-12-26,68.64,24651740,66.18,68.655,64.65
2018-12-27,68.94,21588760,67.74,68.94,66.08
2018-12-28,68.17,19621520,69.18,69.58,67.82
2018-12-31,68.19,15795000,68.32,69.1453,67.66
2019-01-02,69.69,16704860,67.35,69.87,67.255
2019-01-03,68.62,13825210,70,70.25,68.355
2019-01-04,71.15,15851340,69.64,71.27,69.36
2019-01-07,71.52,10746950,71.25,72.1,70.74
2019-01-08,72.04,11141610,72.54,72.59,71.94
2019-01-09,72.42,13329690,72.6,72.6,71.645
2019-01-10,72.05,12964190,72.07,72.08,71.12
2019-01-11,71.72,9745006,71.85,71.89,71.07
2019-01-14,71.63,10840230,71.21,71.78,71.12
2019-01-15,71.67,10148550,71.95,72.36,71.32
2019-01-16,71.64,12541230,71.42,72.375,71.31
2019-01-17,72.13,9974633,71.19,72.34,70.8994
2019-01-18,72.99,15722350,73.27,73.29,72.125
2019-01-22,71.89,14932910,72.39,72.71,71.68
2019-01-23,71.3,12669050,72.01,72.2966,70.93
2019-01-24,71.4,10232900,71.1,71.97,70.6394
2019-01-25,71.72,8996152,72.07,72.27,71.535
2019-01-28,71.24,13621710,71.02,71.28,70.37
2019-01-29,71.51,10212270,71.7,72.19,71.48
2019-01-30,72.29,11208600,71.77,72.57,71.505
2019-01-31,73.28,19698300,72.29,73.49,72.02
2019-02-01,75.92,22966590,74.92,76.49,74.32
2019-02-04,74.82,15370690,75.76,75.76,74.4
2019-02-05,75.59,12785020,75.18,75.64,75.0101
2019-02-06,75.26,10866080,75.58,75.77,75.13
2019-02-07,74.68,14364720,74.95,75.19,73.9
2019-02-08,73.98,11959290,73.76,74.07,72.73
2019-02-11,74.1,10434810,73.82,74.22,73.4
2019-02-12,75.4,12592280,75.08,75.45,74.82
2019-02-13,76.25,13195340,75.58,76.54,75.51
2019-02-14,76.27,12772360,76.26,76.65,75.71
2019-02-15,77.71,14329800,76.94,77.76,76.75
2019-02-19,78.23,13549470,77.56,78.48,77.45
2019-02-20,78.53,12633050,78.3,78.81,78
2019-02-21,77.82,10189160,78.21,78.66,77.61
2019-02-22,78.42,9519271,78.71,78.95,77.62
2019-02-25,78.5,9012557,78.43,78.85,78.2
2019-02-26,78.66,10781830,78.68,79.13,78.39
2019-02-27,79.47,12391600,78.88,79.7538,78.66
2019-02-28,79.03,14589660,79.45,79.75,78.71
2019-03-01,80,15296060,79.38,80,79.03
2019-03-04,80.31,18075560,80.24,80.545,79.0116
2019-03-05,80.19,12962210,80.12,80.4,79.7507
2019-03-06,79.28,18628700,78.85,79.38,77.86
2019-03-07,80.16,16472420,79.55,80.26,79.32
2019-03-08,79.01,16209530,78.89,79.32,78.25
2019-03-11,79.78,11059250,79.98,80.29,79.65
2019-03-12,80,11311840,80.11,80.58,79.89
2019-03-13,80.71,10258310,80.59,80.76,80.2
2019-03-14,80.44,9976667,80.8,80.91,80.35
2019-03-15,80.15,25316320,80.18,80.5516,80.1
2019-03-18,81.08,9839632,80.44,81.25,80.44
2019-03-19,80.87,13627130,81.58,82,80.64
2019-03-20,81.32,13121370,80.75,81.92,80.56
2019-03-21,81.79,10116180,80.81,81.89,80.8
2019-03-22,80.48,12488160,81.23,81.44,80.3
2019-03-25,79.92,11318730,80,80.44,79.59
2019-03-26,80.96,9472668,80.33,81.27,80.18
2019-03-27,80.34,7203307,80.97,81.31,79.82
2019-03-28,80.74,7412338,80.03,80.79,80.02
2019-03-29,80.8,10889160,81.33,81.48,80.48
2019-04-01,81.73,10297190,81.23,81.78,81.08
2019-04-02,81.38,7616057,81.75,81.95,81.11
2019-04-03,80.9,8561749,81.77,81.77,80.605
2019-04-04,82.05,9358680,81.12,82.0764,80.77
2019-04-05,82.49,10058760,82.15,82.53,81.9516
2019-04-08,83,9108003,82.67,83.2,82.59
2019-04-09,81.93,8561143,82.52,82.58,81.74
2019-04-10,81.56,10228250,81.92,82.08,81.41
2019-04-11,81.95,9114722,81.54,82.07,81.02
2019-04-12,80.92,16633030,82.81,82.81,80.575
2019-04-15,80.65,8531585,80.89,81.06,80.52
2019-04-16,81.2,7005677,80.81,81.345,80.69
2019-04-17,81.43,7977167,81.55,81.7,81.08
2019-04-18,81.13,9342704,81.56,81.83,81.07
2019-04-22,82.9,10759630,81.87,83.22,81.64
2019-04-23,83.38,10593010,83.19,83.49,82.68
2019-04-24,81.76,11681190,83.01,83.08,81.73
2019-04-25,82.22,11128640,81.65,82.84,81.4
2019-04-26,80.49,18046100,80.27,80.63,79.56
2019-04-29,79.97,9362222,80.12,80.38,79.66
2019-04-30,80.28,13636820,80.37,80.525,79.93
2019-05-01,78.67,13909750,79.94,80.26,78.62
2019-05-02,77.29,15360390,78.28,78.5,77.24
2019-05-03,77.47,12180740,77.79,78.21,77.44
2019-05-06,77.13,13367120,76.92,77.66,76.71
2019-05-07,76.72,13498820,76.5,76.79,75.7671
2019-05-08,76.84,11352860,76.54,77.29,76.42
2019-05-09,76.77,13221650,76.35,76.88,75.96
2019-05-10,76.56,11055960,76.18,76.79,75.17
2019-05-13,75.71,12176300,75.65,76.23,75.36
2019-05-14,75.81,10548420,76.13,76.8,75.76
2019-05-15,76.37,8918004,75.57,76.55,75.21
2019-05-16,76.36,8105630,76.4,76.95,76.22
2019-05-17,75.91,9279383,75.65,76.3,75.59
2019-05-20,75.9,7154620,76.05,76.36,75.67
2019-05-21,76.25,8490107,76.27,76.46,75.93
2019-05-22,75.56,7858317,76.02,76.22,75.385
2019-05-23,73.79,14657220,74.77,74.8,73.04
2019-05-24,74.1,7056566,74.14,74.25,73.44
2019-05-28,72.61,14912930,74.24,74.25,72.485
2019-05-29,72.16,13645180,71.89,72.43,71.62
2019-05-30,71.97,9362146,72.02,72.13,71.53
2019-05-31,70.77,13983310,71.19,71.55,70.63
2019-06-03,71.88,11831260,71.09,72.01,70.9659
2019-06-04,73.59,10423020,72.45,73.66,72.17
2019-06-05,72.98,10617830,73.64,73.64,72.585
2019-06-06,74.31,11738900,73.71,74.6155,73.59
2019-06-07,74.58,9095481,74.51,74.9632,74.43
2019-06-10,74.91,7760402,75.19,75.33,74.45
2019-06-11,74.84,9415134,75.51,75.81,74.82
2019-06-12,74.03,7921018,74.48,74.61,73.81
2019-06-13,74.68,8986427,74.7,75.17,74.38
2019-06-14,74.35,8575907,74.68,74.81,74.23
2019-06-17,75.09,9355715,74.16,75.19,74.04
2019-06-18,75.74,10091480,75.42,76.22,75.35
2019-06-19,75.32,9757390,75.4,75.853,75.1735
2019-06-20,76.61,16229720,76.24,76.975,76.08
2019-06-21,77.69,23108130,77.14,77.76,76.87
2019-06-24,76.95,10012240,77.53,77.76,76.81
2019-06-25,76.27,9739970,77.08,77.22,76.19
2019-06-26,76.6,11365480,76.68,77.13,76.47
2019-06-27,75.82,8147803,76.59,76.75,75.76
2019-06-28,76.63,14781300,76.19,76.73,75.9407
2019-07-01,76.56,11453770,77.13,77.925,76.29
2019-07-02,75.72,10475420,76.14,76.27,75.41
2019-07-03,76.44,5246096,75.82,76.5,75.625
2019-07-05,76.13,6881115,76.19,76.35,75.59
2019-07-08,76.48,7876097,76.14,76.7,75.915
2019-07-09,76.43,7863026,76.45,76.77,75.73
2019-07-10,77.51,8077369,76.8,77.63,76.74
2019-07-11,77.57,6404194,77.41,77.61,77.05
2019-07-12,77.63,6139299,77.75,77.8799,77.5
2019-07-15,77.08,7116356,77.63,77.74,76.89
2019-07-16,75.93,10197360,76.92,77.07,75.79
2019-07-17,75.48,7419314,75.74,75.96,75.35
2019-07-18,74.84,11425660,75.03,75.27,74.18
2019-07-19,74.99,11243310,74.9,75.25,74.535
2019-07-22,75.07,8370141,75.24,75.3,74.5
2019-07-23,75.37,8551205,75.15,75.77,74.75
2019-07-24,75.36,8260245,75.39,76.05,74.85
2019-07-25,74.93,9083914,75.78,75.78,74.8
2019-07-26,74.81,7677427,74.87,75.08,74.6
2019-07-29,75.34,7091889,74.88,75.38,74.7
2019-07-30,75.35,6961197,75.06,75.555,74.89
2019-07-31,74.36,13104590,75.04,75.66,74.26
2019-08-01,72.46,17132820,73.74,74.2684,72.265
2019-08-02,71.75,21376740,72.61,73.26,71.18
2019-08-05,70.28,19080930,70.78,70.92,69.61
2019-08-06,70.96,12282360,70.29,71.01,70.28
2019-08-07,70.5,15231050,69.86,70.875,69.4
2019-08-08,72.38,14304050,70.85,72.41,70.62
2019-08-09,70.84,13686610,72.13,72.25,70.47
2019-08-12,69.63,9542598,70.06,70.16,69.33
2019-08-13,70.49,12438510,69.27,70.62,68.92
2019-08-14,67.65,18114360,69.07,69.09,67.65
2019-08-15,67.25,12874370,67.46,67.555,66.525
2019-08-16,68.3,12649040,67.78,68.46,67.2691
2019-08-19,69.45,10032820,68.97,69.65,68.86
2019-08-20,69.03,9744252,69.3,69.3,68.71
2019-08-21,69.72,10134530,69.96,69.98,69.37
2019-08-22,69.57,8973175,69.91,69.96,69.25
2019-08-23,67.49,15373740,68.82,69.525,67.03
2019-08-26,67.85,7344634,68.12,68.26,67.53
2019-08-27,67.19,9494621,68.13,68.44,66.97
2019-08-28,67.68,9656818,67.53,67.98,67.16
2019-08-29,68.43,9004455,68.3,68.67,68.09
2019-08-30,68.48,9181055,68.61,69.08,68.0644
2019-09-03,68.56,9849840,67.89,68.6799,67.63
2019-09-04,69.29,6973483,69.5,69.61,69.09
2019-09-05,70.27,9902285,69.84,70.55,69.7
2019-09-06,70.93,10418500,70.35,70.95,70.12
2019-09-09,71.49,12840420,71.16,72.07,70.98
2019-09-10,72.07,13810790,72.14,72.85,71.62
2019-09-11,71.93,10525670,72.78,72.84,71.55
2019-09-12,71.98,9100653,70.98,72.155,70.7
2019-09-13,72.64,7337194,72.26,72.72,72.06
2019-09-16,73.73,19830180,75.04,75.18,73.6
2019-09-17,73.17,14644960,73.82,74.08,72.63
2019-09-18,72.82,7375224,72.65,72.97,72.33
2019-09-19,72.33,8316785,72.97,73.19,72.19
2019-09-20,72.08,19862820,72.49,72.5,71.855
2019-09-23,72.13,7808263,71.52,72.36,71.46
2019-09-24,71.14,14306870,71.81,71.87,70.815
2019-09-25,71.35,8056587,70.98,71.47,70.82
2019-09-26,70.97,8443867,71.22,71.35,70.6826
2019-09-27,71.48,8224747,70.7,71.67,70.63
2019-09-30,70.61,10159340,71.24,71.45,70.58
2019-10-01,68.95,11431460,70.83,70.91,68.91
2019-10-02,67.15,14635320,68.27,68.59,67.005
2019-10-03,67.98,12782930,67,68,66.305
2019-10-04,68.97,10589030,68.11,69.07,67.82
2019-10-07,68.02,11576040,68.7,69.03,68.02
2019-10-08,66.7,10349380,67.54,67.92,66.64
2019-10-09,67.44,8626168,67.3,67.7,67.2
2019-10-10,68.25,8447220,67.43,68.36,67.38
2019-10-11,68.98,10176020,68.98,69.49,68.885
2019-10-14,69.18,6864352,68.6,69.37,68.59
2019-10-15,69.42,6655121,69.06,70,69.01
2019-10-16,68.23,9811267,69.21,69.53,68.21
2019-10-17,68.14,9931755,68.48,68.8847,68.08
2019-10-18,67.61,13473730,67.87,68.15,67.61
2019-10-21,68.74,10473350,67.82,68.77,67.82
2019-10-22,69.09,9503140,68.78,69.76,68.65
2019-10-23,69.75,8722963,68.96,69.76,68.78
2019-10-24,69.09,9069090,69.96,70.05,69.02
2019-10-25,69.25,7607192,68.9,69.48,68.9
2019-10-28,68.64,11209580,69.46,69.67,68.585
2019-10-29,68.44,13894440,68.48,69.03,68.24
2019-10-30,67.72,12840560,68.37,68.37,67.27
2019-10-31,67.57,16169060,67.46,67.72,67.14
2019-11-01,69.6,14108730,68.39,69.605,68.31
2019-11-04,71.67,15858150,70.07,71.87,69.94
2019-11-05,73.09,14930420,72.04,73.12,71.85
2019-11-06,71.49,13996460,72.73,72.87,71.2
2019-11-07,73.01,13073780,72.03,73.03,72
2019-11-08,70.77,12107600,71.61,71.8,70.66
2019-11-11,70.34,8675982,70.21,70.61,69.97
2019-11-12,69.37,13918870,70.27,70.41,68.98
2019-11-13,68.8,12042870,69.02,69.15,68.6
2019-11-14,68.5,11281010,68.86,68.97,68.18
2019-11-15,69.19,11253690,68.71,69.3,68.67
2019-11-18,68.52,10098940,68.7,68.82,68.3
2019-11-19,67.82,12614040,68.4,68.56,67.78
2019-11-20,68.03,16931770,67.67,68.54,67.32
2019-11-21,69.67,14080940,68.02,69.75,67.92
2019-11-22,69.37,12143560,69.71,70.18,69.33
2019-11-25,68.91,10671460,69.37,69.44,68.7083
2019-11-26,68.74,15461900,68.92,69.035,68.435
2019-11-27,68.7,8396166,68.76,69.09,68.41
2019-11-29,68.13,7980847,68.33,68.53,68
2019-12-02,68.42,11118000,68.5,68.88,68.37
2019-12-03,67.88,12867770,68,68.25,67.52
2019-12-04,68.65,11051690,68.25,68.76,68.14
2019-12-05,68.41,13110780,68.89,68.97,68.205
2019-12-06,69.51,13711720,68.76,69.87,68.76
2019-12-09,69.66,12406430,69.08,69.97,69.02
2019-12-10,69.06,14283430,69.66,70.15,68.7
2019-12-11,68.96,13748810,68.74,69.76,68.67
2019-12-12,70.34,17074900,68.96,70.38,68.9
2019-12-13,69.23,12276520,70.48,70.54,69.12
2019-12-16,70,15209260,69.7,70.25,69.7
2019-12-17,69.68,14457720,69.98,70.38,69.31
2019-12-18,69.87,13652310,69.63,70.29,69.28
2019-12-19,69.39,13278700,69.99,70.05,69.24
2019-12-20,69.94,35093470,69.86,70.2267,69.39
2019-12-23,70.29,14173810,69.86,70.3,69.53
2019-12-24,70.02,3979442,70.35,70.5,69.9101
2019-12-26,70.13,8842249,70.19,70.5,70.01
2019-12-27,69.89,10518520,70.2,70.3123,69.88
2019-12-30,69.48,12691250,70.09,70.435,69.4
2019-12-31,69.78,13158020,69.02,69.8,69.01
2020-01-02,70.9,12406910,70.24,71.02,70.2368
2020-01-03,70.33,17390570,71.34,71.37,70.16
2020-01-06,70.87,20082490,70.32,71.355,70.23
2020-01-07,70.29,17496310,70.5,70.52,69.51
2020-01-08,69.23,15140730,70.11,70.285,69.17
2020-01-09,69.76,14812440,69.14,69.9,68.625
2020-01-10,69.14,11997130,69.93,69.96,69.12
2020-01-13,69.8,9965210,69.2,69.87,69.11
2020-01-14,69.2,16267400,69.38,69.5799,68.89
2020-01-15,69.09,11390260,69.2,69.5899,68.89
2020-01-16,68.82,13340350,69.3,69.585,68.8
2020-01-17,68.56,18144100,68.75,69.08,68.29
2020-01-21,67.58,17982600,68.38,68.42,67.51
2020-01-22,67.19,17033140,67.56,67.7,67
2020-01-23,66.77,19605870,66.71,66.93,66.05
2020-01-24,66.32,18238550,66.54,66.675,66.04
2020-01-27,64.74,21231010,65.42,65.73,64.7
2020-01-28,64.65,19664700,65.11,65.2,64.63
2020-01-29,64.11,14229480,65.03,65.13,63.9
2020-01-30,64.79,18544660,63.78,64.88,63.43
2020-01-31,62.12,34282900,63.2,63.2,61.86
2020-02-03,60.73,27397310,61.38,61.42,60.37
2020-02-04,59.97,31922060,61.45,61.91,59.89
2020-02-05,62.73,32099200,60.75,62.925,60.6
2020-02-06,61.88,16055370,62.93,63.01,61.78
2020-02-07,61.47,15112540,61.41,61.655,61.06
2020-02-10,59.96,20934460,60.48,60.52,59.62
2020-02-11,60.53,14908720,60.58,60.89,60.17
2020-02-12,61.27,17862130,61.34,61.53,60.56
2020-02-13,60.93,16949360,61.06,61.4157,60.56
2020-02-14,60.65,10855300,61.15,61.16,60.2829
2020-02-18,59.88,18954760,60.15,60.39,59.45
2020-02-19,60.34,12804910,60.11,60.6225,59.83
2020-02-20,59.86,14817240,60.23,60.54,59.72
2020-02-21,59.13,20315710,59.51,59.51,58.79
2020-02-24,56.36,32096620,57.62,57.8,56.36
2020-02-25,54.2,36414540,56.75,56.75,53.97
2020-02-26,53.01,29812350,54.55,54.82,52.93
2020-02-27,49.82,48141280,51.71,52.435,49.8
2020-02-28,51.44,62468380,48.77,51.44,48.01
2020-03-02,53.88,38127630,52.59,53.89,51.1299
2020-03-03,51.3,50580660,53.95,54.15,50.98
2020-03-04,52.42,24079620,52.23,52.48,51.12
2020-03-05,50.11,40788170,50.42,50.7,49.04
2020-03-06,47.69,55640490,48.84,49.01,47.2
2020-03-09,41.86,72896300,41.71,44.57,40.8
2020-03-10,43.41,60376720,46.17,46.26,41.45
2020-03-11,41.98,52015040,42.39,43.48,41.75
2020-03-12,37.18,65725310,39.9,40.65,37
2020-03-13,38.12,79891530,40.01,40.14,35
2020-03-16,34.49,48924720,34.4,37.88,33.25
2020-03-17,36.81,41204450,35.21,37.3774,34.2
2020-03-18,33.12,54036420,34.55,36.71,31.23
2020-03-19,34.43,49412440,33.73,34.9,32.35
2020-03-20,32.74,76534630,34.84,35.18,31.56
2020-03-23,31.45,56952490,32.53,32.7,30.11
2020-03-24,35.44,61835600,34.42,36.17,33.333
2020-03-25,37.29,56607670,36.51,38.59,35.18
2020-03-26,38.82,46754740,37.5,39.56,36.72
2020-03-27,36.95,51558550,37.13,37.68,36.2
2020-03-30,37.5,45834990,36.23,38.15,35.86
2020-03-31,37.97,41491610,38.34,39.45,37.37
2020-04-01,37.53,36045930,36.86,38.7,36.34
2020-04-02,40.4,62000160,38.74,41.96,37.9
2020-04-03,39.21,48425660,41.45,42.18,38.52
2020-04-06,40.47,41301930,39.88,40.83,39.23
2020-04-07,41.24,48921830,42.9,43.315,41.16
2020-04-08,43.85,33355550,41.95,44.04,41.47
2020-04-09,43.13,60208060,45.46,46.71,41.74
2020-04-13,42.76,29651940,44.45,44.69,41.97
2020-04-14,42.43,30768970,43,43.75,41.91
2020-04-15,40.48,33125000,41,41.06,39.38
2020-04-16,39.15,30933970,40.48,40.48,38.93
2020-04-17,43.22,40829140,39.88,43.32,39.87
2020-04-20,41.18,39260780,40.75,42.735,40.54
2020-04-21,40.96,44381590,40.4,42.13,39.63
2020-04-22,42.13,27084690,42.6,42.93,41.86
2020-04-23,43.45,35270950,43.13,44.66,42.81
2020-04-24,43.73,28667000,44.4,44.89,43.13
2020-04-27,43.94,28274370,43.59,44.32,42.23
2020-04-28,44.97,26545070,44.37,45.39,44.11
2020-04-29,47.46,29502520,46.26,47.6,46.16
2020-04-30,46.47,37076300,47.68,47.68,45.77
2020-05-01,43.14,35399320,45.63,46.39,43
2020-05-04,44.88,27465640,42.51,44.94,42.22
2020-05-05,44.83,29276150,46.26,47.15,44.66
2020-05-06,43.99,22659020,44.93,45.27,43.9
2020-05-07,44.24,22160320,44.96,45.27,43.97
2020-05-08,46.18,19998700,45.31,46.22,44.975
2020-05-11,45.74,22258030,46.11,46.2,45.51
2020-05-12,44.12,25439100,45.42,45.6699,44.12
2020-05-13,41.93,30827910,43.74,43.87,41.6
2020-05-14,42.3,24856520,41.07,42.55,40.2
2020-05-15,42,22445560,42.38,43.005,41.85
2020-05-18,45.34,32046110,44.4,45.58,44.06
2020-05-19,43.94,21771650,45.55,46.63,43.93
2020-05-20,45.37,19352440,44.62,45.58,44.5701
2020-05-21,44.56,19130740,45.44,45.79,44.39
2020-05-22,44.6,15406400,44.05,44.67,43.45
2020-05-26,45.91,20356450,45.74,46.3,45.47
2020-05-27,46.24,20788290,46.66,47.14,45.405
2020-05-28,45.04,19705890,46.43,46.46,44.93
2020-05-29,45.47,25886240,44.82,45.69,44.37
2020-06-01,46.28,19038400,45.32,46.45,44.8
2020-06-02,47.31,22318980,46.86,47.45,46.7474
2020-06-03,49.24,23418050,48,49.4,47.95
2020-06-04,49.1,18731360,48.88,49.145,48.16
2020-06-05,53.08,41328940,51.65,53.45,51.6
2020-06-08,54.74,33579420,54.72,55.36,53.46
2020-06-09,53.52,27276940,52.88,53.9699,52.45
2020-06-10,50.65,31156790,53.5,53.5,50.6
2020-06-11,46.18,39183000,47.53,48.84,46.1
2020-06-12,47.17,30978120,48.04,48.6233,45.905
2020-06-15,47.14,27929290,45.35,47.76,44.75
2020-06-16,48.2,26203380,49.57,49.75,47.24
2020-06-17,46.63,19279400,48,48.13,46.6
2020-06-18,46.92,21478680,46.11,47.33,45.77
2020-06-19,45.98,48899940,48.22,48.26,45.98
2020-06-22,46.42,17565390,45.69,46.44,45.4
2020-06-23,46.7,18916590,46.9,47.22,46.5
2020-06-24,44.5,27626940,45.91,45.96,44.25
2020-06-25,45.17,19353600,44.05,45.24,43.69
2020-06-26,43.62,31518580,44.88,44.94,43.5
2020-06-29,44.32,17052130,43.81,44.575,43.54
2020-06-30,44.72,22153620,43.43,44.97,43.16
2020-07-01,43.71,17290060,44.49,45.38,43.67
2020-07-02,44.08,18216590,44.62,45.185,43.93
2020-07-06,44.39,22692050,44.67,45.08,43.84
2020-07-07,43.24,17407630,43.9,44,43.11
2020-07-08,43.14,18291390,43.15,43.93,42.84
2020-07-09,41.36,25881980,42.9,43.1,41.29
2020-07-10,42.65,18950980,41.12,42.71,41.1
2020-07-13,42.66,20028280,42.98,43.287,42.225
2020-07-14,44.07,21444120,42.53,44.19,42.26
2020-07-15,44.63,17332450,45.03,45.0886,44.21
2020-07-16,44.28,14673680,44.31,44.81,43.79
2020-07-17,43.52,17965090,44.33,44.685,43.39
2020-07-20,42.5,18553910,43.21,43.51,42.475
2020-07-21,44.65,28833570,43.15,45.19,43.11
2020-07-22,43.61,21345400,44.15,44.15,43.37
2020-07-23,43.7,17934430,43.4,43.82,43.02
2020-07-24,43.43,16415310,43.88,44.42,43.1903
2020-07-27,44.07,18547860,43.23,44.09,42.9715
2020-07-28,43.55,19190500,43.91,44.25,43.46
2020-07-29,44.03,14143180,43.71,44.09,43.34
2020-07-30,41.87,29901100,43.13,43.18,41.825
2020-07-31,42.08,32123000,41.16,42.17,40.91
2020-08-03,42.25,23040540,42.05,42.5,41.47
2020-08-04,43.47,17724020,42.34,43.6,42.24
2020-08-05,43.85,17445780,44.15,44.31,43.53
2020-08-06,43.64,14434940,43.4,43.9,43.25
2020-08-07,43.44,18757930,43.23,43.52,42.81
2020-08-10,44.51,24367750,43.99,44.6,43.595
2020-08-11,44.97,28987460,45.5,46.42,44.73
2020-08-12,44.09,22508880,44.46,44.94,43.63
2020-08-13,43.01,17338690,43.5,43.87,42.92
2020-08-14,43.2,13595700,42.6,43.28,42.41
2020-08-17,42.64,15554630,43.17,43.17,42.47
2020-08-18,42.43,13014040,42.59,43.19,42.29
2020-08-19,41.96,14473090,42.35,42.655,41.865
2020-08-20,41.32,15678550,41.69,41.885,41.3
2020-08-21,41.01,25517740,41.3,41.34,40.71
2020-08-24,42.22,18208880,41.28,42.5078,41.09
2020-08-25,40.88,31285580,41.66,42.065,40.7
2020-08-26,40.01,26794970,40.64,40.835,40
2020-08-27,39.74,32034320,40,40.3,39.305
2020-08-28,40.69,33477090,39.84,40.92,39.76
2020-08-31,39.94,25259610,40.64,40.72,39.895
2020-09-01,39.43,22478200,39.75,39.75,39.045
2020-09-02,39.19,26413360,39.23,39.715,38.95
2020-09-03,39.11,28817180,39.2,40.03,38.88
2020-09-04,39.08,24632500,39.46,39.79,38.65
2020-09-08,38.18,38496440,38.25,38.68,37.35
2020-09-09,37.95,25886150,38.35,38.84,37.92
2020-09-10,37,34381240,38.27,38.37,36.9
2020-09-11,36.9,26838560,37.125,37.31,36.49
2020-09-14,36.66,26129940,36.91,37.01,36.49
2020-09-15,36.27,23724210,36.8,37.3792,36.21
2020-09-16,37.81,30915810,36.46,38.15,36.27
2020-09-17,37.8,24696210,37.35,37.98,36.97
2020-09-18,37.19,46853820,37.53,37.8235,36.7
2020-09-21,36.43,35351770,36.43,36.71,35.68
2020-09-22,35.53,27303220,36.46,36.84,35.47
2020-09-23,34.39,31251420,35.65,35.79,34.35
2020-09-24,34.32,26796040,34.4,34.82,33.76
2020-09-25,34.64,23486010,34,34.94,33.88
2020-09-28,35.31,23396540,35.14,35.9,35.095
2020-09-29,34.28,20788840,35,35.11,33.99
2020-09-30,34.33,22223660,34.64,34.92,34.13
2020-10-01,33.13,36890240,33.79,34.1,32.94
2020-10-02,32.98,32694350,32.25,33.35,32.21
2020-10-05,33.74,22965210,33.32,33.75,33.17
2020-10-06,33.39,26731760,34.12,34.42,33.31
2020-10-07,33.5,23779270,33.64,33.74,33.21
2020-10-08,35.26,34413650,33.88,35.34,33.76
2020-10-09,34.74,29228620,35.68,35.95,34.65
2020-10-12,34.63,17912760,34.54,34.73,34.23
2020-10-13,34.22,20995130,34.73,34.87,34.1
2020-10-14,34.15,17756490,34.06,34.83,34.03
2020-10-15,34.45,23251590,33.695,34.46,33.265
2020-10-16,34.1,22636950,34.37,34.64,33.875
2020-10-19,33.42,23645850,34.1,34.37,33.39
2020-10-20,33.7,23040600,33.66,33.93,33.33
2020-10-21,33.16,28619330,33.51,33.62,33.14
2020-10-22,34.86,31831450,33.18,34.96,33.02
2020-10-23,34.16,27429110,34.97,35.08,33.86
2020-10-26,33.35,30888690,33.61,33.77,32.95
2020-10-27,32.82,27100740,33.15,33.2,32.7
2020-10-28,31.57,42136360,32.1,32.38,31.52
2020-10-29,32.97,38622830,31.41,33.13,31.11
2020-10-30,32.62,47897920,32.41,33.14,32.01
2020-11-02,33.99,40130310,33.14,34.455,32.57
2020-11-03,33.41,36772970,34.49,34.49,33.13
2020-11-04,33.23,35410060,33.27,34.14,32.53
2020-11-05,33.17,30824110,33.37,33.92,33.14
2020-11-06,32.78,33985600,33.1,33.66,32.62
2020-11-09,36.93,76879370,36.42,38.01,36.06
2020-11-10,36.86,49055370,37.05,37.43,35.98
2020-11-11,36.48,34124480,37.09,37.12,36.19
2020-11-12,35.23,30955270,35.86,36.29,34.87
2020-11-13,36.08,29260240,35.4,36.25,35.38
2020-11-16,38.16,38596820,37.59,38.17,37.1
2020-11-17,38.67,26521080,37.81,38.705,37.38
2020-11-18,37.21,31068020,39.02,39.125,37.2
2020-11-19,37.4,26954360,36.86,37.5,36.56
2020-11-20,36.94,18359570,37.35,37.41,36.78
2020-11-23,39.36,29367590,37.5,39.43,37.28
2020-11-24,41.98,46979250,40.51,42.08,40.22
2020-11-25,40.81,28178170,41.67,41.71,40.65
2020-11-27,40.19,14971950,40.7,40.94,39.865
2020-11-30,38.13,45614340,39.8,39.88,37.97
2020-12-01,38.5,32503110,38.96,39.65,38.47
2020-12-02,39.94,29369500,38.39,40.4184,38.34
2020-12-03,40.21,27038940,40.07,40.635,39.73
2020-12-04,41.68,28723630,40.77,41.76,40.65
2020-12-07,40.9,24899420,41.42,41.54,40.67
2020-12-08,42.24,32573850,40.53,42.59,40.44
2020-12-09,42.8,37824820,42.71,43.73,42.38
2020-12-10,44.01,38058670,43.2,44.469,42.761
2020-12-11,43.8,25478810,43.7,43.925,43.21
2020-12-14,42.22,30595040,44.34,44.46,42.18
2020-12-15,43.04,27239690,42.44,43.22,42.06
2020-12-16,43.7,34273030,43.75,44.11,42.96
2020-12-17,43.48,21204640,44,44.04,43.4
2020-12-18,42.73,46596770,43.27,43.7801,42.42
2020-12-21,41.95,27869520,41.11,42.08,40.53
2020-12-22,41.24,21811970,41.58,41.9,41.23
2020-12-23,41.77,19085880,41.51,42.39,41.46
2020-12-24,41.6,8039006,41.65,41.85,41.38
2020-12-28,41.74,23877550,41.69,42.55,41.52
2020-12-29,41.27,20287740,42.04,42.12,41.2
2020-12-30,41.6,23807310,41.33,42.42,41.27
2020-12-31,41.22,22786480,41.47,41.68,40.97
2021-01-04,41.5,27764700,41.45,42.245,41
2021-01-05,43.5,44035140,41.84,44.8,41.83
2021-01-06,44.61,36484800,44.41,45.1,43.7
2021-01-07,44.96,29528120,45,45.57,44.53
2021-01-08,45.46,28628220,45.2,45.82,44.95
2021-01-11,46.84,38290910,45.04,47.135,44.75
2021-01-12,47.88,36915070,47.46,48.17,46.91
2021-01-13,48.42,29000270,48.53,48.71,47.69
2021-01-14,50.31,35474760,48.5,51.08,48.5
2021-01-15,47.89,42411260,48.91,49.08,47.29
2021-01-19,48.84,24932590,48.45,49.44,48.35
2021-01-20,49.53,22342400,49.11,49.74,48.9907
2021-01-21,48.11,29058600,49.33,49.39,47.68
2021-01-22,47.43,23264840,47.01,47.64,46.64
2021-01-25,46.9,26395840,46.9,47.05,46.16
2021-01-26,45.87,23976790,47.26,47.86,45.85
2021-01-27,45.35,32410350,45,46.66,44.53
2021-01-28,46.06,24967250,45.94,46.59,45.69
2021-01-29,44.84,38961080,45.55,46.04,44.51
2021-02-01,44.92,24412390,45.58,45.58,44.29
2021-02-02,45.63,31940400,45.81,46.9861,45.2805
2021-02-03,47.42,28459280,45.63,47.67,45.42
2021-02-04,48.33,25280260,47.88,48.38,47.25
2021-02-05,49.95,34980140,49.18,50.12,49.04
2021-02-08,52.1,36998720,50.92,52.36,50.71
2021-02-09,50.63,28976970,50.67,50.96,49.77
2021-02-10,51.12,25723790,50.63,51.42,50.391
2021-02-11,49.84,26972160,50.89,50.93,48.78
2021-02-12,50.52,19756700,49.43,50.7116,49.41
2021-02-16,52.04,28060140,51.96,52.53,51.62
2021-02-17,52.85,25552230,52.35,53.2695,51.8
2021-02-18,52.02,20627640,52.81,52.935,51.86
2021-02-19,52.37,22607160,52.11,52.56,51.915
2021-02-22,54.3,36435110,52.59,54.81,52.59
2021-02-23,55.05,33527950,54.98,55.255,53.74
2021-02-24,56.7,28728640,55.19,57,54.8733
2021-02-25,55.76,29670880,56.98,57.245,55.3516
2021-02-26,54.37,35291030,54.41,55.055,53.12
2021-03-01,56.4,36998310,56.47,57.61,56.13
2021-03-02,56.07,30302650,56.65,56.96,56.02
2021-03-03,56.52,35358930,56.42,57.96,55.88
2021-03-04,58.71,52137540,57.12,59.4684,57.1
2021-03-05,60.93,51429770,59.83,61.05,59.11
2021-03-08,60.87,38154580,61.58,61.61,59.82
2021-03-09,59.93,35645900,60.61,61.39,59.47
2021-03-10,61.77,31579100,60.52,61.915,60.03
2021-03-11,61.31,24802650,61.78,62.55,61.26
2021-03-12,61.97,20422690,61.55,62.37,61.5
2021-03-15,60.39,31263560,61.49,61.855,59.87
2021-03-16,59.11,30624760,59.54,59.66,58.44
2021-03-17,59.37,25575480,58.69,59.73,58.62
2021-03-18,56.81,38622830,58.81,58.965,56.52
2021-03-19,56.49,84439410,56.71,57.465,55.8101
2021-03-22,55.91,29315080,56.5,56.86,55.9
2021-03-23,55.22,33493300,54.94,56.29,54.45
2021-03-24,56.34,29781780,56.08,57.28,56.08
2021-03-25,56.18,31495920,55.21,56.5,54.5
2021-03-26,57.71,34226460,57.3,57.78,56.5239
2021-03-29,57.4,21144400,57.34,57.82,56.74
2021-03-30,56.69,20303430,56.86,57.36,56.49
2021-03-31,55.83,23686450,56.35,56.63,55.8
2021-04-01,57.39,23194470,56.32,57.45,56.14
2021-04-05,56.5,23264840,57.3,57.32,56.14
2021-04-06,56.34,18926270,56.84,57.5399,56.26
2021-04-07,56.59,22384960,56.39,56.77,56.24
2021-04-08,56,21999300,55.93,56.08,55.32
2021-04-09,55.87,20020750,56,56.435,55.53
2021-04-12,55.5,20238760,56.755,56.79,55.31
2021-04-13,55.71,19370640,55.3,55.98,55.09
2021-04-14,57.32,28051130,56.41,58.01,56.25
2021-04-15,56.98,23250270,57.42,57.42,56.78
2021-04-16,56.66,22752000,57.36,57.68,56.44
2021-04-19,56.48,21123330,56.75,57.14,55.96
2021-04-20,55.29,21782050,56.47,56.47,54.78
2021-04-21,56,16625590,54.5,56.13,54.3
2021-04-22,55.27,21600110,55.99,55.99,55.02
2021-04-23,55.57,15341430,55.27,55.9419,55.18
2021-04-26,55.68,16083790,55.47,56.285,55.44
2021-04-27,56.41,19278580,56.01,56.63,55.81
2021-04-28,58.11,24729800,56.91,58.46,56.79
2021-04-29,58.94,27318360,58.92,59.48,58.15
2021-04-30,57.24,30518360,58.33,58.89,57.16
2021-05-03,58.82,20509580,57.98,58.99,57.74
2021-05-04,59.19,23522220,59,59.5,58.51
2021-05-05,60.97,17323690,59.77,61.05,59.4
2021-05-06,61.55,26836750,60.86,61.64,60.03
2021-05-07,62.43,33610610,61.07,62.47,60.8488
2021-05-10,62.58,31956560,63.24,64.02,62.53
2021-05-11,60.59,34563770,61.625,62.385,60.385
2021-05-12,60.04,34426480,60.01,61.68,59.75
2021-05-13,59.3,24268230,59,60.45,58.75
2021-05-14,60.77,20735400,59.93,60.875,59.93
2021-05-17,62.19,25240800,60.54,62.25,60.43
2021-05-18,60.43,25170800,62,62.3,60.4
2021-05-19,58.98,28889810,59.1,59.855,58.415
2021-05-20,58.84,20692500,58.95,59.15,58.24
2021-05-21,58.92,20792670,59.42,59.8317,58.85
2021-05-24,59.61,18400270,59.08,59.8,58.69
2021-05-25,58.26,25616110,59.5,59.54,58.12
2021-05-26,58.94,21698690,58.25,59.12,57.9
2021-05-27,58.56,33556030,59.23,59.7,58.02
2021-05-28,58.37,19250010,58.73,58.8,58.11
2021-06-01,60.46,28474170,59.45,60.695,59.45
2021-06-02,60.94,22978320,60.75,61.31,60.17
2021-06-03,61.18,20272750,60.55,61.41,60.3538
2021-06-04,61.45,20427830,61.46,61.7,60.7758
2021-06-07,61.05,15477930,61.33,61.73,61.02
2021-06-08,62.13,28953430,61.5,62.48,60.67
2021-06-09,62.65,29133010,62.67,63.42,62.19
2021-06-10,62.75,27488720,63.61,63.975,62.25
2021-06-11,62.17,17631710,63.01,63.1922,62.14
2021-06-14,62.07,16997230,62.3,62.78,61.57
2021-06-15,64.33,30717110,62.48,64.4,62.35
2021-06-16,64.1,24803170,64.32,64.8,63.56
2021-06-17,61.99,28491850,63.86,64.46,61.27
2021-06-18,60.4,39590710,61,61.55,60.24
2021-06-21,62.59,33145430,60.93,62.7,60.9
2021-06-22,63.79,25140400,62.85,64.01,62.23
2021-06-23,64.26,20701590,64.05,64.7,63.58
2021-06-24,64.52,19568380,64.15,64.56,63.805
2021-06-25,64.66,18438310,64.61,64.925,64.359
2021-06-28,63.01,20570050,64.56,64.56,62.75
2021-06-29,62.62,19579250,63.21,63.77,62.585
2021-06-30,63.08,17875490,62.7,63.23,62.45
2021-07-01,63.26,22530260,64.33,64.42,62.77
2021-07-02,63.17,14569540,63.01,63.32,62.421
2021-07-06,61.37,22110790,62.75,62.76,60.9
2021-07-07,60.41,21671390,61.18,61.81,59.62
2021-07-08,60.14,18935950,59.45,60.705,59.31
2021-07-09,61.23,20085990,60.695,61.45,60.2375
2021-07-12,61.17,21809420,60.42,61.5,60.16
2021-07-13,60.88,17147350,61,61.51,60.5099
2021-07-14,59.53,21573590,61.17,61.73,59.355
2021-07-15,58.95,15851100,59.17,59.7,58.765
2021-07-16,57.32,27049510,59.18,59.26,57.15
2021-07-19,55.35,37969060,55.64,56.2,54.595
2021-07-20,55.96,26756120,55.5,56.6,55.03
2021-07-21,57.76,20908730,56.86,58.3,56.83
2021-07-22,57.11,13493810,57.73,57.7397,56.66
2021-07-23,57.04,14088190,57.29,57.29,56.47
2021-07-26,58.48,18387610,57.16,58.65,57
2021-07-27,57.83,16861420,58.01,58.01,57.205
2021-07-28,58.22,16855290,58,58.625,57.62
2021-07-29,58.93,18607820,59,59.33,58.56
2021-07-30,57.57,28652810,58.88,58.88,57.32
2021-08-02,57.58,20873770,57.55,59.06,57.4
2021-08-03,58.2,18208180,57.57,58.41,56.9299
2021-08-04,56.84,20868320,57.19,57.875,56.81
2021-08-05,57.2,15180190,57.13,57.7,56.83
2021-08-06,57.86,14888490,57.66,58.07,57.53
2021-08-09,57.2,17828210,57.13,57.52,56.83
2021-08-10,58.18,16340240,57.42,58.36,57.3
2021-08-11,58.35,18278630,58.19,58.5,57.72
2021-08-12,57.35,19227450,57.4,57.79,56.87
2021-08-13,56.77,20062990,57.03,57.07,56.3
2021-08-16,55.94,16969050,56.02,56.09,55.2738
2021-08-17,55.56,16243660,55.5,56.2967,54.995
2021-08-18,54.39,21890520,55.419,55.805,54.31
2021-08-19,52.73,30923510,53.47,53.705,52.1
2021-08-20,52.74,16918280,52.27,53.135,52.11
2021-08-23,54.91,21632610,53.95,55.06,53.95
2021-08-24,55.36,17915560,55.29,55.85,55.01
2021-08-25,55.46,13270320,55.24,55.77,54.8701
2021-08-26,54.71,11842620,55.2,55.54,54.625
2021-08-27,55.77,15822450,55.4,56.2139,55.4
2021-08-30,55.16,14086120,56.24,56.34,55.12
2021-08-31,54.52,27104130,54.93,55.31,54.46
2021-09-01,53.77,21644070,54.49,54.755,53.6
2021-09-02,55.08,23302230,54.29,55.64,54.27
2021-09-03,54.87,13847890,55.12,55.32,54.595
2021-09-07,54.55,14356410,54.67,55.27,54.47
2021-09-08,54.05,18756730,54.79,55.18,54.01
2021-09-09,54.09,19110780,53.62,55,53.3
2021-09-10,53.98,15123690,55.19,55.23,53.95
2021-09-13,55.37,22052270,54.65,55.925,54.62
2021-09-14,54.58,19940300,55.69,55.77,54.41
2021-09-15,56.42,23240880,55.37,56.534,55.31
2021-09-16,55.82,17907200,56.46,56.46,55.5
2021-09-17,55.16,30034430,55.34,56.75,55.1
2021-09-20,53.69,27555060,53.78,54.17,52.96
2021-09-21,53.64,19696790,54.37,54.51,53.25
2021-09-22,55.21,25690630,54.43,55.905,54.37
2021-09-23,57.08,23069410,55.42,57.2399,55.28
2021-09-24,57.59,22328570,56.7,57.82,56.68
2021-09-27,59.3,32972240,58.85,59.8,58.82
2021-09-28,59.92,37619270,59.9,60.48,59.51
2021-09-29,59.88,23422800,59.84,60.1858,59.05
2021-09-30,58.82,31289620,60.12,60.17,58.81
2021-10-01,60.93,24407340,59.41,60.99,59.41
2021-10-04,61.72,33946680,61.32,62.07,60.9499
2021-10-05,61.62,29641560,62.515,62.695,61.02
2021-10-06,60.49,25284920,60.47,61.115,59.75
2021-10-07,60.66,19513600,60.61,61.08,60.14
2021-10-08,62.18,22186890,61.25,62.415,61.25
2021-10-11,61.56,22121490,63.03,63.06,61.5
2021-10-12,61.24,20198560,61.57,61.98,60.85
2021-10-13,61.07,14991720,60.78,61.39,60.21
2021-10-14,62,18594500,61.71,62.22,61.17
2021-10-15,62.59,16092610,62.73,63.07,62.44
2021-10-18,62.56,18282800,63.09,63.14,62.27
2021-10-19,63.5,18933150,62.87,63.61,62.67
2021-10-20,63.85,14305160,62.89,63.8725,62.72
2021-10-21,62.69,16564640,63.47,63.64,62.345
2021-10-22,63.12,14266850,62.77,63.22,62.345
2021-10-25,64.35,17939770,63.72,64.415,63.58
2021-10-26,65.84,25585100,64.49,65.94,64.36
2021-10-27,64.13,21764460,65.16,65.25,63.975
2021-10-28,64.31,16626410,63.82,64.47,63.63
2021-10-29,64.47,23966330,65.05,65.36,64.33
2021-11-01,65.63,19656450,65.065,66.0795,65.02
2021-11-02,64.82,16300050,65.03,65.447,64.66
2021-11-03,63.93,17372770,64.04,64.45,63.66
2021-11-04,64.41,17720120,64.675,64.89,63.83
2021-11-05,65.02,18565130,65.05,65.3254,64.56
2021-11-08,65.72,17696030,65.55,66.38,65.38
2021-11-09,66.36,18781340,65.77,66.37,65.31
2021-11-10,64.19,20177220,65.32,65.65,63.773
2021-11-11,64.31,13319300,64.195,64.825,64.02
2021-11-12,63.82,18158880,63.955,64.37,63.58
2021-11-15,64.37,18849160,63.76,64.767,63.22
2021-11-16,65.02,17028700,64.34,65.37,64.34
2021-11-17,64.31,15496980,64.38,65.24,64.18
2021-11-18,63.61,16948180,64.16,64.53,63.11
2021-11-19,60.67,32035480,61.89,62.03,60.41
2021-11-22,61.51,21998750,60.32,62.54,60.32
2021-11-23,63.13,21185930,62.19,63.38,61.92
2021-11-24,63.48,15869660,62.58,63.845,62.58
2021-11-26,61.25,24979590,60.52,61.42,59.54
2021-11-29,61.59,18946360,62.57,63.14,61.29
2021-11-30,59.84,34979830,60.46,61.185,59.66
2021-12-01,59.79,30670130,60.9,62.03,59.75
2021-12-02,61.28,29216050,59.74,61.58,59.14
2021-12-03,60.89,22014730,61.92,62.23,60.345
2021-12-06,61.58,19210510,61.72,62.16,61.4199
2021-12-07,62.27,19800380,62.34,63.03,62.1
2021-12-08,62.45,18214420,62.61,63.19,62.34
2021-12-09,62.61,16910330,62.05,62.7684,61.81
2021-12-10,63.01,17942380,63.27,63.35,62.225
2021-12-13,61.63,17793710,62.47,62.72,61.35
2021-12-14,61.54,22551150,61.26,62.465,61.22
2021-12-15,61.27,19961860,61.19,61.5,60.01
2021-12-16,61.37,21187780,61.44,62.45,61.3
2021-12-17,60.03,44454950,60.95,61.275,59.69
2021-12-20,59.16,21819310,58.79,59.25,57.96
2021-12-21,60.5,19798890,59.75,60.6808,59.72
2021-12-22,60.99,14058340,60.34,61.365,59.97
2021-12-23,61.02,13543290,61.17,61.84,61
2021-12-27,61.89,12596340,60.93,61.95,60.42
2021-12-28,61.69,12786870,61.91,62.31,61.4
2021-12-29,61.15,12733600,61.48,61.5983,60.915
2021-12-30,60.79,11940290,61.22,61.6,60.765
2021-12-31,61.19,14071970,60.74,61.47,60.7
2022-01-03,63.54,24290190,61.24,63.6,61.21
2022-01-04,65.93,38584050,64.13,66.185,64.1
2022-01-05,66.75,34033280,66.5,67.61,66.48
2022-01-06,68.32,30668510,68,68.48,67.07
2022-01-07,68.88,23985400,68.52,69.18,67.98
2022-01-10,68.47,22760320,68.97,69.17,67.95
2022-01-11,71.35,32936140,68.89,71.4,68.58
2022-01-12,71.14,23045050,71.14,71.81,70.64
2022-01-13,70.63,21043180,71.12,71.58,70.31
2022-01-14,71.87,23012870,70.65,72.145,70.6
2022-01-18,73.08,32862820,72.82,73.88,72.01
2022-01-19,73.11,26431640,73.75,73.86,72.55
2022-01-20,73.27,26774550,72.5,74.37,72.26
2022-01-21,72.17,35120460,73.18,73.18,71.04
2022-01-24,72.79,41576130,70.88,73.08,69.805
2022-01-25,74.93,39278420,72.59,75.235,71.39
2022-01-26,74.17,35252390,75.43,76,73.49
2022-01-27,75.12,29174690,75.46,76.01,73.985
2022-01-28,75.28,30595660,74.97,75.62,73.95
2022-01-31,75.96,36085480,74.97,76.42,74.265
2022-02-01,80.83,61033080,76.45,81.51,76.27
2022-02-02,80.62,30299320,80.06,80.81,79.15
2022-02-03,79.68,28529400,80.09,80.31,79.02
2022-02-04,81.41,32197540,80.87,82.53,80.87
2022-02-07,82.39,34949220,81.14,83.08,80.64
2022-02-08,80.26,34356260,82.27,82.4962,79.92
2022-02-09,79,40106120,79.58,80.03,78.7051
2022-02-10,78.24,28527660,78.72,79.68,77.792
2022-02-11,80.21,42002090,78.62,80.32,78.23
2022-02-14,78.98,34652780,79.58,79.84,77.05
2022-02-15,77.99,25089510,76.9,78.19,76.42
2022-02-16,78.35,21733750,78.79,79.73,78.04
2022-02-17,78.23,23738820,78.48,79.12,77.95
2022-02-18,77.36,23394780,77.16,78.17,76.89
2022-02-22,76.46,35947770,79.67,79.79,75.31
2022-02-23,76.77,25385010,76.46,77.47,76.13
2022-02-24,75.8,46199850,79,79.03,74.03
2022-02-25,77.84,28310260,76.69,77.99,76.26
2022-02-28,78.42,32204640,76.51,78.93,76.2
2022-03-01,79.17,40002340,78.77,80.65,78.33
2022-03-02,80.53,44321370,80.6,82.15,79.82
2022-03-03,81.04,30196610,79.86,81.77,79.63
2022-03-04,84.09,42844530,81.05,84.275,80.66
2022-03-07,87.12,55207910,84.92,87.23,83.9
2022-03-08,87.78,72082260,89.05,91.505,85.43
2022-03-09,82.79,65466650,84.03,86.57,81.6
2022-03-10,85.36,44644240,84.01,85.68,82.9
2022-03-11,84.92,35303370,84.07,86.23,83.97
2022-03-14,81.88,37462620,83.06,83.45,80.5
2022-03-15,77.22,47957900,78.82,79.17,76.37
2022-03-16,76.93,37812300,77.81,78.62,76.25
2022-03-17,78.98,34041920,78.18,79.15,77.07
2022-03-18,78.67,41461480,79.06,79.3898,78.1
2022-03-21,82.2,33089290,80.12,82.515,79.74
2022-03-22,81.84,23132200,81.63,82.2,80.79
2022-03-23,83.13,27716310,83.34,84.27,83.05
2022-03-24,83.38,19871630,83.46,84.6499,82.75
2022-03-25,85.2,22408180,82.92,85.49,82.79
2022-03-28,82.81,21552380,83.17,83.31,82.02
2022-03-29,82.37,27036250,80.81,82.49,79.76
2022-03-30,83.78,22079010,83.06,84.01,82.71
2022-03-31,82.59,27861460,82.87,84.4,82.55
2022-04-01,83.12,18671080,81.99,84.14,81.99
2022-04-04,83.16,20880040,83.56,83.66,82.05
2022-04-05,82.73,21753100,83.5,85.07,82.555
2022-04-06,83.65,24768200,83.42,84.7,82.94
2022-04-07,85.05,26121980,83.83,85.44,82.71
2022-04-08,86.84,24866510,85.17,87.21,85.17
2022-04-11,83.85,21800100,85.78,85.93,83.5
2022-04-12,85.6,22444180,85.71,86.82,85.375
2022-04-13,86.81,19306830,86.61,87.11,85.19
2022-04-14,87.83,24566440,86.67,88.46,86.2323
2022-04-18,88.55,19032300,88.5,88.89,87.75
2022-04-19,87.76,20382630,88.01,88.66,87.27
2022-04-20,87.96,20689410,87.97,88.5,87.3
2022-04-21,87.03,29010860,88.95,89.8,86.79
2022-04-22,85.13,23591600,86.66,88.12,85
2022-04-25,82.26,37698260,82.37,82.655,79.29
2022-04-26,82.29,28941490,82.73,84.72,82.18
2022-04-27,84.64,32773020,83.39,85.475,82.28
2022-04-28,87.2,33683760,84.88,88.135,84.07
2022-04-29,85.25,34656460,88.14,88.14,84.7
2022-05-02,86.41,36335200,85.01,87.035,84.63
2022-05-03,88.19,33908100,86.26,88.78,86.12
2022-05-04,91.7,46188370,89.5,91.88,88.91
2022-05-05,90.31,41013420,92.04,92.05,88.39
2022-05-06,91.69,29619350,90.98,91.815,89.35
2022-05-09,84.46,45851630,89.44,89.56,84.02
2022-05-10,85.02,34483210,85.64,86.89,83.515
2022-05-11,86.79,33020630,86.43,88.94,86.28
2022-05-12,86.3,29491520,85.95,86.38,83.4
2022-05-13,88.86,25798440,87.36,88.945,86.345
2022-05-16,90.95,26101220,88.98,91.975,88.97
2022-05-17,92.11,23120660,91.73,92.45,91.12
2022-05-18,90.65,25451240,92.51,92.92,89.83
2022-05-19,91.14,24387370,89,92.3,89
2022-05-20,91.86,28795030,91.93,93.59,90.4
2022-05-23,93.89,27239330,92.66,94.77,92.55
2022-05-24,94.4,24293330,92.82,94.79,92.32
2022-05-25,96.3,29947850,94.58,96.53,94.47
2022-05-26,96.64,24314830,96.6,97.43,96.2019
2022-05-27,97.59,25588790,95.945,97.93,95.3
2022-05-31,96,44888130,98.56,99.775,95.705
2022-06-01,97.84,25815370,97.02,98.7124,96.62
2022-06-02,97.67,19089110,97.29,98.1,96.79
2022-06-03,99.09,21038160,97.9,99.66,97.9
2022-06-06,98.84,20682050,99.18,99.78,98.67
2022-06-07,103.37,37810230,99.7,103.43,99.49
2022-06-08,104.59,31613160,103.49,105.57,102.98
2022-06-09,102.33,26634340,103.42,104.57,102.16
2022-06-10,100.46,30958350,101.94,103.35,99.79
2022-06-13,95.85,33421050,97.52,97.77,93.92
2022-06-14,96.1,31264020,97.41,98.67,95.2702
2022-06-15,94.89,29620780,95.99,96.57,93.27
2022-06-16,91.39,35696750,92.41,93.13,90.28
2022-06-17,86.12,64610190,90.96,91.35,85.655
2022-06-21,91.48,35951460,88.58,92.53,88.52
2022-06-22,87.86,29769630,87.54,89.76,87.53
2022-06-23,85.21,35757210,88.66,89.05,83.52
2022-06-24,86.9,26638990,86.95,88.4,85.81
2022-06-27,89.03,25478680,87.81,90.04,87.67
2022-06-28,91.5,33123000,91.12,93.24,90.35
2022-06-29,88.12,25400940,92.98,93.2,87.755
2022-06-30,85.64,39948070,86.14,87.6,84.67
2022-07-01,87.55,26327860,86.74,87.88,84.71
2022-07-05,84.81,34601330,86.34,86.7,83.01
2022-07-06,83.28,33375730,83.76,85.23,81.01
2022-07-07,85.94,23817360,85.38,86.76,85.3
2022-07-08,86.08,17673820,86.95,87.3,84.93
2022-07-11,85.64,15608350,85.17,86.12,84.3601
2022-07-12,84.5,21013010,83.78,85.05,82.86
2022-07-13,84.84,19928600,83.38,86.3126,83.3
2022-07-14,83.14,26343030,81.85,83.31,80.69
2022-07-15,84.54,17243750,84.8,84.88,82.9
2022-07-18,86.1,19395810,86.58,87.9387,85.75
2022-07-19,88.27,18248900,86.415,88.52,86.25
2022-07-20,89.24,16584410,87.58,89.65,87.25
2022-07-21,87.75,21375670,86.93,87.8,85.21
2022-07-22,87.08,15479480,87.55,88.47,86.63
2022-07-25,89.98,17536370,88.16,90.13,87.42
2022-07-26,89.63,15141200,91.13,91.28,89
2022-07-27,91.57,18046960,90.28,92,89.4
2022-07-28,92.64,20353090,92.18,93.25,91.01
2022-07-29,96.93,29825830,94.45,97.515,94.1
2022-08-01,94.48,20793150,94.79,95.35,93.23
2022-08-02,94.07,16722500,94.69,95.2,93.82
2022-08-03,91.02,23580810,94.42,94.42,90.79
2022-08-04,87.19,31821470,90.31,90.34,86.43
2022-08-05,88.45,17408030,86.36,89.69,86.28
2022-08-08,88.95,14467150,88.61,89.6,88.22
2022-08-09,90.59,19083430,90.05,91.61,89.95
2022-08-10,91.45,18302000,90.68,91.7901,89.185
2022-08-11,93.19,18797870,91.84,94.3,91.4391
2022-08-12,94,15058220,92.48,94.02,92.11
2022-08-15,92.32,20755230,90.53,92.73,89.66
2022-08-16,91.46,14038210,92.03,92.89,91.29
2022-08-17,92.2,13678050,91.27,93.21,90.92
2022-08-18,94.38,17770370,93.15,95.31,93.09
2022-08-19,94.08,16128560,94.16,95.2,93.8
2022-08-22,94.01,16019930,93.42,94.4889,91.86
2022-08-23,98,23764740,95.55,98.41,95.45
2022-08-24,98.58,17050310,98.01,98.965,97.36
2022-08-25,99.09,15305730,98.92,99.86,98.1003
2022-08-26,97.87,15531370,98.77,99.91,97.42
2022-08-29,100.12,23059210,98.18,101.555,98.14
2022-08-30,96.31,17086840,98.36,98.62,95.82
2022-08-31,95.59,18340880,94.03,96.84,93.59
2022-09-01,93.87,16422990,94.42,95.065,92.2901
2022-09-02,95.59,18206810,96.35,96.79,95.11
2022-09-06,94.95,19201530,96.16,96.59,94.51
2022-09-07,94.14,16274660,93.19,94.5919,92.3
2022-09-08,94.91,18759210,94.66,95.42,93.72
2022-09-09,96.5,17161440,96.52,97,95.32
2022-09-12,97.61,16118940,97.65,99.19,96.8765
2022-09-13,95.33,18229120,96.61,97.78,94.91
2022-09-14,97.67,22655680,96.19,98.56,96.15
2022-09-15,94.83,21092270,96.22,96.54,94.05
2022-09-16,93.21,37874710,95.07,95.34,92
2022-09-19,93.2,15342110,91.01,93.49,91
2022-09-20,92.44,14712520,92.73,92.925,91.64
2022-09-21,90.95,17332420,93.57,93.88,90.87
2022-09-22,90.57,16139390,92.2,92.66,90.52
2022-09-23,85.75,27738820,87.5,87.5,84.85
2022-09-26,83.98,22043360,84.9,86.22,83.89
2022-09-27,85.74,17307290,85.61,86.955,84.81
2022-09-28,88.86,19543320,86.12,89.2999,85.92
2022-09-29,88.68,17896010,88.18,89.3582,87.13
2022-09-30,87.31,21357560,88.17,89.04,87.31
2022-10-03,91.92,23881330,90.04,92.36,89.72
2022-10-04,95.27,22133710,93.24,95.36,92.71
2022-10-05,99.12,34857700,95.75,99.99,95.66
2022-10-06,102.06,29124720,98.47,102.18,98.33
2022-10-07,101.03,24507650,102.19,103.315,100.18
2022-10-10,98.84,16786090,101.49,102.03,98.72
2022-10-11,98,17804130,97.22,99.76,96.75
2022-10-12,98.43,12635770,97.5,98.91,97.23
2022-10-13,101.87,22019140,97.55,102.45,97.4
2022-10-14,99.19,15229630,101.12,102.24,99.04
2022-10-17,100.62,14283230,101.07,101.97,100.5
2022-10-18,100.8,14065440,101.54,102.35,99.23
2022-10-19,103.79,20921700,101.25,103.99,101.23
2022-10-20,103.93,17649030,104.32,105,103.41
2022-10-21,105.86,22814150,104.45,106.4,103.905
2022-10-24,106.6,17024240,105.66,107.68,105.12
2022-10-25,105.88,15719810,106.41,107.33,105.07
2022-10-26,107.14,17390410,106.26,107.83,106
2022-10-27,107.55,18214020,108.41,109.58,107.42
2022-10-28,110.7,28169440,109.46,111.21,108.12
2022-10-31,110.81,26401840,109.5,112.91,109.44
2022-11-01,111.91,22213140,112.37,112.57,110.65
2022-11-02,109.61,20661780,111.58,112.1,109.31
2022-11-03,111.1,17103670,108.58,111.82,108.31
2022-11-04,112.31,17541460,113,113.5,110.8
2022-11-07,113.64,16008040,112.41,113.99,112.13
2022-11-08,114,14661030,113.48,114.6642,112.595
2022-11-09,108.9,19522760,113.1,113.28,108.57
2022-11-10,110.5,20146730,110.19,110.7,107.5701
2022-11-11,113.95,20518850,112.58,114.5,112.49
2022-11-14,113.37,20858290,112.63,114.64,112.49
2022-11-15,114.13,19373750,113.8,114.53,112.87
2022-11-16,112.91,13590970,113.44,114.2599,111.86
2022-11-17,113.06,12435740,111.29,113.2,110.75
2022-11-18,112.08,15415030,110.9,112.48,109.61
2022-11-21,110.97,20972980,109.99,111.2041,107.48
2022-11-22,114.18,17719090,112.21,114.47,111.43
2022-11-23,113.61,11546690,112.32,113.9488,112.1
2022-11-25,113.21,7136013,113.88,114.61,113.06
2022-11-28,109.81,23017670,110.66,111.46,109.62
2022-11-29,110.54,14453170,110.61,111.8,109.792
2022-11-30,111.34,23158060,111.54,111.9,109.78
2022-12-01,110.8,14398310,111.64,112.07,110.18
2022-12-02,109.86,15248390,109.51,111.71,109.2
2022-12-05,106.85,19287750,110.7,111.36,105.94
2022-12-06,103.88,21196980,105.9,107.04,103.145
2022-12-07,103.65,20061730,103.78,104.8548,102.37
2022-12-08,104.42,21128760,106.28,106.795,103.71
2022-12-09,103.54,21298190,104.59,105.95,103.3
2022-12-12,106.09,20413170,103.83,106.24,103.585
2022-12-13,107.25,24305350,107.8,108.54,107.02
2022-12-14,106.46,17597330,107.99,108.3,105.75
2022-12-15,105.44,15367890,105.33,106.17,103.7
2022-12-16,104.7,54596620,103.69,105.58,103.1301
2022-12-19,105.17,13611120,105.26,106.2,104.38
2022-12-20,106.69,14680000,105.17,107.51,105.07
2022-12-21,108.06,13565370,108.29,108.585,107.16
2022-12-22,105.88,13215500,107.89,108.19,104.1
2022-12-23,108.68,11539450,106.95,108.74,106.9
2022-12-27,110.19,11962060,109.27,110.465,108.83
2022-12-28,108.38,10702080,109.91,110,107.902
2022-12-29,109.2,10534030,107.99,109.72,107.99
2022-12-30,110.3,11799640,108.61,110.5,108.61